,season,cat_or_dog,AgeCategory,whether_adopt
15,0,0,3,1
17,0,0,3,1
24,1,1,3,1
26,0,1,0,0
27,1,0,0,1
29,0,0,0,1
30,0,0,2,0
32,0,0,2,0
33,0,0,2,0
36,0,0,2,0
37,0,0,2,0
40,0,0,2,0
43,0,0,2,1
47,0,1,3,0
49,0,0,1,0
50,0,0,1,1
51,0,0,2,0
52,0,1,2,1
53,0,0,2,1
54,0,0,3,1
55,0,0,3,0
56,0,0,3,0
58,0,0,2,0
59,0,1,2,1
65,1,1,0,0
66,1,1,3,1
67,1,1,0,1
69,0,1,0,1
70,0,1,1,1
73,0,1,2,1
74,0,1,2,0
76,0,1,2,0
78,0,1,2,0
80,0,1,2,0
84,0,1,2,0
87,0,1,3,1
90,0,1,2,1
92,1,1,2,1
94,0,0,3,1
96,0,1,0,1
98,0,0,1,1
100,0,0,0,0
102,0,0,3,1
108,0,1,3,0
109,0,1,3,1
110,0,1,2,1
111,0,1,3,1
113,0,0,3,1
114,0,0,3,1
115,0,1,2,1
118,0,1,2,0
120,0,0,1,1
122,0,1,2,1
123,1,1,2,1
124,0,0,0,0
125,0,0,1,1
127,0,1,3,0
128,0,1,3,0
129,0,1,1,1
131,1,0,1,0
132,0,0,2,0
134,0,1,3,1
136,0,0,2,0
137,0,0,3,0
140,0,0,2,0
141,0,0,2,0
143,0,0,0,0
145,0,0,2,0
147,0,0,2,0
153,0,0,3,0
155,0,0,2,0
156,0,1,1,0
161,0,1,0,0
164,0,0,2,1
165,0,0,2,0
167,0,0,2,0
169,0,0,2,0
171,0,1,2,1
173,1,0,0,1
175,0,0,2,1
178,0,1,0,1
181,0,0,2,0
185,0,1,3,1
187,0,1,3,1
190,0,1,2,1
193,0,0,1,0
195,0,0,2,1
197,1,0,3,1
198,0,0,3,1
199,0,1,2,0
200,0,1,3,1
201,0,0,3,0
202,0,1,1,0
204,1,0,0,1
205,0,0,2,0
206,0,0,2,0
207,0,0,2,0
209,0,0,2,0
211,1,0,0,1
214,1,0,0,0
215,0,1,0,0
218,1,0,2,1
219,1,0,3,1
222,0,0,1,0
226,0,1,2,0
228,0,1,0,0
232,0,1,2,1
236,1,0,0,1
240,0,1,2,1
254,0,0,2,0
256,0,0,2,0
267,1,0,2,0
268,0,0,2,0
270,0,0,2,1
272,0,0,2,0
273,0,1,2,1
275,1,1,3,1
286,1,1,0,1
287,0,1,3,0
289,1,1,0,1
290,0,1,0,1
291,0,0,2,1
292,0,1,3,0
294,0,1,1,0
295,1,0,2,1
296,0,1,2,0
297,1,1,3,1
298,1,0,3,1
300,0,1,1,0
301,1,0,3,0
302,1,0,3,1
303,0,1,3,0
304,0,1,1,0
307,1,1,3,1
309,0,1,0,0
310,1,0,2,1
311,0,1,0,0
312,1,1,2,1
315,0,1,0,0
317,0,0,2,0
319,0,0,2,0
321,0,0,2,0
323,1,1,2,1
324,0,1,3,0
326,1,0,0,1
328,1,1,0,0
330,1,1,1,0
332,1,1,0,0
334,1,1,3,1
335,1,0,3,0
336,1,0,3,1
337,1,1,2,1
338,1,1,2,1
339,1,1,0,1
340,1,1,2,1
341,1,0,0,1
342,1,0,2,0
343,1,1,2,0
345,1,0,2,1
346,1,0,2,1
347,1,0,2,0
348,1,0,2,1
349,1,1,3,1
352,1,0,0,0
353,1,1,0,0
354,1,1,3,1
357,1,1,3,0
360,1,0,1,1
364,1,1,3,1
367,1,0,2,1
375,1,1,2,1
376,1,0,2,1
377,1,0,3,1
378,1,0,3,0
379,1,1,2,0
382,1,0,2,0
384,1,0,2,0
385,1,0,2,0
386,1,1,3,1
388,1,1,1,1
389,1,1,2,1
391,1,1,0,0
393,1,1,0,1
395,1,0,2,0
397,1,0,2,0
399,1,1,0,0
400,1,0,0,0
401,1,0,2,0
402,1,0,2,0
412,1,1,1,1
413,1,0,2,0
414,1,1,3,1
415,1,0,2,1
416,1,1,2,1
417,1,1,2,1
419,1,1,1,0
420,1,0,3,1
422,1,1,2,0
424,1,0,0,0
427,1,0,3,1
428,1,0,0,0
429,1,0,0,0
430,1,0,2,0
432,1,1,0,1
433,1,0,2,0
434,1,0,2,0
436,1,0,0,0
438,1,1,2,1
440,1,0,0,1
442,1,0,3,0
444,1,1,0,0
445,1,1,0,0
446,1,1,0,1
447,1,1,1,1
448,1,1,0,1
450,1,0,2,1
451,1,1,1,0
452,1,1,2,0
453,1,0,2,1
455,1,1,2,1
456,1,1,1,0
458,1,1,3,1
460,1,1,3,1
462,1,0,0,1
463,1,0,3,1
464,1,0,2,0
465,1,0,2,0
467,1,1,3,1
468,1,1,3,0
469,1,1,0,0
470,1,1,1,0
471,1,1,2,1
472,1,1,2,1
473,1,1,2,1
475,1,1,2,1
476,1,0,2,1
477,1,0,2,1
479,1,1,0,1
481,1,0,3,0
483,1,0,2,0
484,1,0,2,0
485,1,0,2,0
487,1,0,2,0
488,1,0,2,0
490,1,0,2,0
492,1,1,2,1
493,1,0,2,0
496,1,1,0,0
498,1,1,2,0
500,1,1,3,0
501,1,0,2,1
503,1,0,2,0
504,1,0,1,1
505,1,0,0,1
508,1,1,2,1
510,1,1,3,1
513,1,0,2,1
516,1,0,2,0
518,1,1,3,1
520,1,1,0,1
522,1,0,2,0
524,1,1,1,0
527,1,0,3,1
530,1,1,3,0
532,1,0,2,1
534,1,1,0,1
539,1,1,3,1
542,1,1,2,1
545,1,0,2,0
547,1,1,2,1
549,1,1,3,1
550,1,1,2,0
552,1,1,0,0
554,1,0,2,0
555,1,0,2,0
556,1,0,2,0
557,1,0,2,0
558,1,0,2,0
559,1,0,2,1
560,1,0,2,1
562,1,0,3,0
563,1,1,1,0
565,1,0,0,1
566,1,0,2,0
568,1,1,0,0
569,1,0,2,1
570,1,0,2,1
571,1,0,2,1
572,1,0,2,1
574,1,0,2,0
575,1,0,2,0
576,1,0,2,0
577,1,1,1,0
579,1,1,2,1
580,1,1,2,1
581,1,1,2,1
582,1,0,2,0
583,1,0,2,0
584,1,0,2,0
585,1,0,3,0
586,1,0,2,0
587,1,1,3,0
590,1,0,2,1
591,1,0,2,1
592,1,0,2,1
593,1,0,1,1
594,1,1,0,0
595,1,1,2,1
597,1,0,2,0
598,1,0,2,0
599,1,0,2,0
600,1,0,2,0
601,1,1,1,0
602,1,1,3,0
603,1,0,2,0
604,1,0,2,0
605,1,0,2,1
606,1,0,3,0
608,1,0,2,0
610,1,0,2,0
612,1,0,2,1
614,1,0,2,1
616,1,0,2,1
618,1,0,2,0
620,1,0,2,0
622,1,0,0,0
624,1,0,2,0
625,1,0,2,0
626,1,0,2,0
627,1,0,2,1
628,1,0,2,0
629,1,0,2,0
630,1,0,2,0
631,1,0,2,0
632,1,0,3,0
633,1,0,0,1
635,1,1,2,1
638,1,0,3,1
639,1,0,3,0
640,1,1,3,1
641,1,1,2,1
643,1,1,2,1
644,1,0,2,0
645,1,0,2,0
646,1,0,2,1
648,1,0,2,1
649,1,0,2,0
650,1,0,2,0
653,1,0,2,0
654,1,1,2,0
656,1,1,1,1
657,1,1,0,1
659,1,0,2,1
660,1,0,2,1
661,1,0,2,1
662,1,0,3,0
663,1,0,2,0
664,1,1,0,0
665,1,1,3,1
666,1,0,1,1
667,1,0,2,1
668,1,0,2,0
670,1,0,2,0
671,1,0,2,0
673,1,0,0,1
674,2,0,3,0
675,1,0,3,1
676,1,1,1,0
677,1,1,2,1
679,1,0,2,1
680,1,0,1,0
682,1,0,2,0
683,1,0,2,0
684,1,0,2,1
686,1,1,2,0
688,1,1,2,1
689,1,1,2,1
690,1,0,0,1
691,1,1,1,0
692,1,0,2,0
694,1,0,2,0
696,1,0,2,1
697,1,0,2,0
699,1,0,2,0
701,1,0,2,0
704,1,1,1,0
706,2,0,3,1
707,1,0,2,1
709,1,0,2,0
710,1,0,2,0
711,1,0,2,1
712,1,0,2,1
713,1,0,2,1
715,1,1,0,1
716,1,1,1,0
717,1,0,2,0
719,1,0,2,0
721,1,0,3,0
723,1,0,3,0
727,1,1,1,1
728,1,0,2,1
729,1,1,3,1
731,1,1,2,0
733,1,1,2,0
735,1,0,2,0
740,1,0,2,0
745,1,0,3,1
747,1,1,3,0
750,1,0,2,0
752,1,1,2,1
754,2,1,3,1
756,1,0,2,1
760,1,1,2,1
761,1,0,2,1
764,1,0,2,1
765,1,0,2,1
771,1,1,1,0
774,1,1,0,1
775,1,1,3,1
776,1,1,2,1
777,1,1,0,0
778,1,1,3,1
779,1,0,3,1
780,1,1,2,1
782,1,1,0,1
783,1,0,0,1
784,1,0,2,0
785,1,0,2,0
786,1,1,0,0
788,1,0,2,1
789,1,0,2,1
791,1,0,2,1
793,1,0,1,0
794,1,0,2,1
796,1,1,2,1
798,1,1,3,0
800,2,1,2,0
801,1,1,2,1
802,1,1,0,0
804,1,0,2,1
805,1,0,2,0
806,1,1,1,0
807,1,1,1,0
808,1,0,2,1
809,1,0,2,1
810,1,0,2,1
811,1,0,2,1
812,1,1,2,1
813,1,0,3,1
814,1,0,2,1
817,1,1,0,0
818,1,0,2,1
819,1,0,2,1
820,1,0,2,1
821,2,0,2,1
822,1,0,2,1
823,1,0,2,1
825,1,1,0,1
826,1,0,0,0
833,1,1,2,1
834,1,0,1,0
836,1,1,0,0
837,1,1,2,0
838,1,0,3,1
839,1,0,2,1
841,1,0,2,0
843,1,1,1,0
847,1,0,2,0
848,1,0,2,0
851,1,1,2,1
852,1,1,0,0
853,1,0,2,1
854,2,1,2,0
855,1,0,2,1
856,1,1,2,1
857,1,0,2,1
859,1,0,2,1
860,2,0,2,1
861,1,0,2,1
862,1,0,2,1
863,2,0,2,1
864,1,0,2,1
865,1,0,2,1
866,2,0,2,1
868,1,1,3,0
870,1,1,1,0
872,1,0,2,0
875,1,1,3,0
877,1,0,0,0
879,1,0,2,0
881,1,0,3,0
883,1,1,1,0
884,1,1,1,0
885,1,1,1,0
887,1,0,2,0
889,1,0,2,0
890,1,1,3,0
891,1,0,2,0
892,1,0,2,0
896,1,0,2,0
897,2,0,0,1
899,2,0,2,0
900,2,0,2,0
902,1,1,2,0
904,1,1,2,1
905,2,0,2,1
906,1,1,1,0
907,1,0,0,0
909,1,1,0,0
910,1,0,2,1
911,1,1,3,1
914,1,0,2,1
915,2,0,2,0
916,2,0,2,0
917,1,0,2,0
919,1,0,1,0
921,1,0,1,0
923,1,0,2,0
925,1,0,2,0
930,1,0,2,0
931,1,0,0,0
933,1,0,3,1
936,1,0,3,1
938,1,0,2,0
939,1,0,2,0
940,1,0,2,0
941,1,0,2,0
943,1,0,2,0
944,1,0,3,0
945,1,1,1,0
946,1,1,3,1
947,1,1,2,1
948,1,1,1,1
949,1,1,2,1
950,2,1,3,0
951,1,1,3,1
952,1,1,1,1
954,1,1,2,1
955,1,1,3,0
956,1,0,2,1
957,2,0,3,1
958,1,0,2,1
959,1,0,2,1
960,2,0,2,1
961,1,1,3,1
962,2,0,2,1
964,1,1,0,0
965,1,1,2,0
966,1,0,2,1
967,1,0,2,1
968,1,0,2,1
969,1,0,1,0
970,1,0,3,0
972,1,1,2,1
973,2,0,2,1
975,1,0,2,1
977,1,0,2,1
979,1,1,0,0
981,1,1,2,1
983,1,1,2,1
984,1,1,2,1
985,1,1,0,0
986,1,1,2,0
987,1,1,2,0
988,1,0,1,0
989,1,0,1,0
990,1,0,1,0
993,1,0,2,0
994,1,0,2,0
996,2,0,1,1
997,2,0,0,1
998,1,1,1,0
999,1,0,2,0
1000,1,0,2,1
1001,1,0,2,1
1004,1,0,2,1
1006,1,1,2,0
1008,2,0,0,0
1010,1,0,2,0
1011,1,0,2,0
1014,2,1,2,1
1016,1,0,0,0
1019,1,0,0,0
1021,1,0,0,0
1023,1,0,2,0
1025,1,1,3,1
1026,1,1,2,1
1027,1,1,2,1
1029,2,0,2,0
1030,1,0,2,1
1031,2,1,3,1
1032,1,0,2,1
1033,1,1,3,0
1034,1,1,1,0
1035,2,0,2,1
1036,1,0,2,0
1037,1,1,1,0
1038,2,0,2,1
1040,2,1,3,1
1052,1,0,2,0
1054,2,0,3,1
1056,1,1,2,0
1057,1,1,3,0
1058,2,1,0,1
1060,1,0,2,1
1062,2,1,0,1
1063,1,1,2,1
1067,2,1,0,1
1071,1,0,2,0
1076,1,0,0,0
1080,1,0,2,0
1084,1,1,2,0
1085,1,0,2,0
1086,1,0,0,0
1088,1,0,2,0
1090,1,1,2,1
1091,2,1,0,1
1092,1,0,3,0
1093,2,0,2,0
1095,2,0,2,0
1096,2,0,2,0
1098,2,0,2,0
1099,2,0,2,0
1100,2,0,2,0
1102,2,0,2,0
1104,2,0,3,1
1106,2,0,0,1
1108,1,0,0,1
1109,2,1,0,1
1111,1,1,1,0
1113,2,0,0,1
1115,1,1,0,1
1117,1,1,0,0
1119,2,1,2,1
1120,2,0,2,0
1121,2,1,3,1
1122,2,0,2,0
1123,2,0,3,0
1125,2,1,0,1
1127,1,0,2,0
1129,1,0,2,0
1134,2,0,2,0
1135,2,1,2,1
1136,2,0,2,1
1137,1,0,1,0
1139,1,0,3,0
1141,1,0,2,0
1143,2,1,0,0
1145,1,1,1,0
1146,2,0,0,1
1148,2,0,3,0
1150,0,0,0,1
1151,2,1,3,1
1152,2,1,0,1
1153,2,1,1,0
1154,2,1,3,1
1155,1,0,0,0
1156,2,1,2,1
1157,1,1,3,0
1158,2,0,1,0
1159,1,0,3,0
1160,2,0,0,0
1161,2,0,2,1
1162,2,1,2,1
1164,2,0,3,1
1165,2,0,3,1
1166,2,1,2,0
1168,2,0,2,1
1169,2,0,2,1
1170,2,1,1,0
1172,2,1,2,1
1175,2,0,2,1
1177,2,0,2,1
1180,2,0,0,0
1181,2,0,2,1
1183,2,1,2,1
1184,2,0,2,1
1185,2,1,1,0
1188,2,1,0,0
1189,2,1,1,0
1190,2,1,1,0
1192,2,0,2,1
1195,2,0,2,1
1196,2,0,2,1
1197,2,0,2,1
1198,2,0,2,1
1200,2,0,2,0
1201,2,0,2,1
1202,2,0,2,1
1203,2,0,2,0
1205,2,0,2,0
1206,2,0,2,0
1207,2,0,2,0
1209,2,0,1,1
1211,2,0,2,1
1214,2,0,0,1
1215,2,1,2,0
1216,2,1,2,0
1218,2,0,3,0
1220,2,0,2,0
1222,2,0,0,0
1224,2,1,2,1
1226,2,0,3,0
1227,2,0,3,1
1230,2,0,2,0
1231,2,1,2,0
1232,2,0,2,0
1234,2,1,2,0
1235,2,0,3,0
1236,2,0,3,1
1238,2,0,3,0
1240,2,0,2,0
1241,2,0,2,0
1242,2,0,0,0
1243,2,0,2,0
1244,2,0,2,0
1245,2,0,2,0
1246,2,1,0,0
1248,2,1,3,1
1250,2,1,3,0
1252,2,1,0,1
1254,2,0,2,0
1255,2,1,0,0
1256,2,1,0,0
1257,2,1,2,0
1258,2,1,2,1
1259,2,1,2,1
1262,2,0,3,1
1263,2,0,3,1
1264,2,1,1,0
1265,2,0,1,1
1267,2,0,2,1
1269,2,0,2,0
1271,2,0,0,1
1273,2,1,1,0
1275,2,0,2,0
1277,2,0,0,0
1279,2,0,0,1
1282,2,0,2,0
1285,2,1,0,1
1287,2,0,0,0
1290,2,1,2,1
1292,2,0,0,0
1294,2,0,1,0
1295,2,0,2,1
1296,2,1,2,0
1297,2,0,2,1
1298,2,1,2,1
1299,2,1,0,1
1301,2,1,0,1
1304,2,1,0,0
1306,2,0,3,1
1307,2,0,2,1
1308,2,0,2,1
1309,2,0,2,1
1310,2,1,2,1
1311,2,1,2,1
1313,2,1,2,1
1314,2,1,2,1
1315,2,1,2,1
1317,2,1,2,1
1318,2,0,3,0
1319,2,0,3,0
1320,2,1,1,0
1321,2,1,2,1
1322,2,0,2,1
1323,2,0,3,1
1324,2,0,2,1
1325,2,1,1,0
1326,2,0,3,1
1329,2,0,2,0
1330,2,0,2,0
1331,2,0,3,0
1333,2,0,2,0
1335,2,0,2,0
1336,2,0,2,0
1337,2,1,1,1
1339,2,1,3,1
1340,2,0,2,1
1341,2,0,1,0
1342,2,0,2,0
1343,2,0,2,0
1344,2,0,2,0
1345,2,0,2,0
1346,2,0,2,0
1348,2,0,0,1
1349,2,0,0,1
1350,2,0,2,0
1351,2,0,0,1
1352,2,0,3,1
1353,2,0,2,1
1354,2,0,2,1
1355,2,0,1,0
1356,2,1,0,1
1357,2,0,2,0
1358,2,0,1,0
1359,2,1,0,0
1361,2,0,1,1
1362,2,1,2,0
1364,2,1,2,0
1365,2,1,2,0
1366,2,1,2,0
1367,2,1,2,0
1368,2,1,2,0
1370,2,1,0,0
1371,2,1,2,0
1372,2,0,3,1
1373,2,0,1,0
1375,2,1,2,0
1376,2,1,2,0
1377,2,1,2,0
1378,2,1,0,1
1389,2,0,2,1
1390,2,1,1,1
1393,2,0,2,1
1394,2,0,2,1
1395,2,0,2,1
1397,2,1,2,1
1402,2,0,3,1
1405,2,0,3,0
1406,2,0,2,1
1407,2,0,2,0
1408,2,0,2,0
1409,2,0,3,0
1410,3,1,2,1
1411,2,1,2,1
1412,2,1,2,0
1413,2,1,0,0
1414,2,1,2,1
1415,2,0,2,0
1418,2,0,1,0
1419,2,0,0,0
1420,2,0,2,0
1421,2,0,0,0
1422,2,1,1,1
1423,2,0,2,1
1424,2,1,0,1
1425,3,0,0,1
1426,2,0,2,1
1427,2,1,3,1
1428,2,0,3,1
1429,2,1,0,0
1430,2,1,2,0
1431,2,1,2,0
1432,2,0,3,0
1433,2,0,2,0
1435,2,0,2,0
1436,2,0,2,0
1439,2,0,2,1
1441,2,0,2,1
1442,2,0,2,0
1444,2,0,2,0
1445,2,0,2,0
1447,2,1,2,0
1448,2,0,2,0
1449,2,0,3,0
1450,2,1,0,0
1451,2,0,3,0
1452,2,0,3,0
1453,2,1,2,1
1454,2,1,3,0
1455,2,0,2,0
1456,2,0,2,0
1457,2,0,2,1
1458,3,0,3,1
1459,2,0,2,0
1460,2,0,2,0
1461,2,1,3,0
1462,2,1,2,0
1465,2,1,1,0
1467,2,0,2,1
1468,2,0,3,0
1469,2,0,2,0
1470,2,0,2,0
1471,2,0,2,0
1472,2,1,1,1
1473,3,0,3,1
1475,2,0,2,0
1479,2,1,1,1
1481,2,0,2,0
1483,2,0,2,0
1484,2,0,2,0
1485,2,0,3,0
1488,2,1,0,0
1489,2,0,2,0
1490,2,0,2,0
1491,2,0,2,0
1494,2,1,3,0
1497,2,1,2,1
1501,2,1,0,0
1504,2,1,3,1
1505,2,0,0,1
1508,2,0,2,1
1511,2,0,2,1
1513,2,0,1,0
1514,3,0,3,1
1515,2,0,0,1
1517,2,0,2,0
1518,2,0,2,1
1519,2,0,2,1
1521,2,0,2,1
1523,2,0,2,1
1524,3,0,3,1
1525,2,0,0,0
1526,2,0,2,0
1527,2,0,2,0
1528,2,0,2,0
1529,2,0,2,0
1531,2,0,2,0
1532,2,0,2,0
1534,2,1,2,1
1535,2,1,2,0
1536,2,1,0,1
1537,2,0,2,1
1538,2,0,2,0
1539,2,0,2,1
1542,2,1,2,1
1544,2,0,2,1
1546,2,0,0,0
1547,2,0,0,1
1548,3,0,0,1
1549,3,1,0,1
1551,2,0,0,1
1553,2,1,3,1
1555,2,0,1,1
1557,2,0,3,1
1559,3,1,3,0
1560,2,0,2,0
1561,2,0,2,0
1562,2,0,2,1
1563,2,0,2,1
1564,2,1,1,1
1565,2,1,2,1
1567,2,1,2,1
1568,2,1,2,0
1569,2,1,2,0
1571,2,1,2,0
1572,2,1,2,0
1573,2,1,2,0
1575,2,1,2,0
1577,2,1,2,0
1579,2,0,0,0
1581,2,1,1,1
1583,3,0,2,1
1585,2,0,2,0
1588,2,0,2,1
1589,2,1,3,1
1590,2,0,0,0
1591,2,0,0,0
1592,2,0,3,1
1593,2,0,2,1
1598,2,1,2,0
1599,2,0,3,1
1600,2,1,0,1
1602,2,1,3,1
1603,2,1,0,0
1604,2,1,1,1
1605,2,0,1,0
1606,3,0,3,1
1607,2,1,2,0
1608,2,1,2,0
1609,2,1,1,0
1611,2,0,1,0
1612,2,0,0,1
1613,2,1,1,0
1614,2,1,2,1
1615,2,0,2,0
1616,2,1,1,0
1617,2,0,2,1
1618,3,0,2,1
1620,2,0,2,0
1623,2,1,0,1
1625,2,1,2,1
1626,2,0,2,1
1627,2,0,2,1
1628,2,0,2,1
1629,2,0,2,1
1630,2,1,2,1
1631,2,1,0,1
1632,2,1,0,1
1634,2,1,0,1
1635,2,0,3,1
1636,2,0,2,1
1637,2,0,1,0
1638,2,0,2,1
1639,2,0,3,1
1640,2,1,0,1
1641,2,0,3,1
1643,2,0,2,1
1645,2,1,2,1
1647,2,1,2,0
1649,2,0,2,0
1650,2,0,2,0
1652,2,0,2,0
1654,2,0,2,0
1657,3,1,3,0
1659,2,1,2,1
1660,2,0,3,1
1662,2,0,2,1
1663,2,1,3,0
1665,2,1,0,1
1666,2,1,0,0
1667,2,0,2,1
1668,2,0,2,0
1669,2,1,1,1
1670,2,1,3,1
1671,2,1,2,1
1673,2,0,2,1
1675,2,0,3,1
1677,2,0,1,0
1678,2,0,2,1
1680,2,1,3,0
1682,2,1,2,0
1684,2,0,2,0
1686,2,1,2,1
1688,2,0,2,0
1689,2,1,2,0
1690,2,1,2,1
1691,2,1,2,1
1692,2,0,2,0
1693,2,0,2,0
1694,2,0,2,0
1695,2,0,2,0
1697,2,0,2,0
1699,2,0,2,0
1700,2,0,2,0
1701,2,0,2,0
1703,2,0,3,1
1704,2,0,2,1
1707,2,1,1,0
1709,3,0,1,0
1710,2,1,0,0
1711,2,1,1,0
1712,2,0,2,0
1713,2,0,1,0
1714,3,0,0,1
1716,2,0,1,0
1717,2,0,0,0
1718,2,0,2,0
1719,2,1,2,0
1720,2,0,1,0
1721,2,0,2,1
1722,2,0,2,0
1723,3,0,0,0
1724,2,0,2,0
1725,2,0,2,0
1729,3,0,2,1
1730,3,1,2,1
1731,2,0,2,1
1732,2,0,2,0
1733,2,0,0,0
1734,3,0,2,1
1735,2,1,0,0
1739,3,0,2,1
1740,3,0,2,1
1741,2,0,2,1
1742,2,0,2,1
1743,2,0,0,1
1746,2,0,2,1
1747,2,0,2,0
1748,2,0,2,0
1751,3,1,3,1
1753,2,0,2,1
1755,2,0,2,0
1756,2,1,1,0
1757,2,1,3,0
1759,2,1,0,1
1760,2,1,2,1
1761,3,0,3,1
1763,2,0,2,0
1764,2,0,2,1
1765,2,0,2,0
1768,2,0,0,0
1770,2,0,2,0
1771,2,0,2,0
1772,2,0,2,0
1774,3,0,2,1
1776,2,1,0,0
1778,2,1,2,1
1780,2,0,3,0
1782,2,1,2,0
1784,2,0,2,1
1785,2,1,1,1
1786,2,0,2,0
1788,2,1,0,1
1791,2,0,2,0
1793,2,0,2,1
1795,2,0,3,0
1796,2,0,2,0
1798,2,0,2,0
1799,2,0,2,0
1800,3,1,3,1
1801,2,1,2,1
1803,3,1,3,1
1806,2,1,2,1
1809,2,1,2,0
1812,3,1,0,1
1814,2,0,2,0
1817,3,1,3,1
1819,2,1,2,1
1821,2,1,2,0
1823,3,0,0,1
1826,2,0,2,1
1828,2,1,2,1
1829,2,0,2,0
1831,2,0,1,1
1832,3,1,0,1
1833,2,1,2,0
1834,2,1,0,0
1835,2,0,2,1
1836,2,0,0,0
1838,2,0,2,1
1839,2,0,2,1
1840,2,0,2,1
1841,3,1,2,1
1842,2,1,3,0
1843,2,1,2,0
1844,2,0,0,0
1846,2,1,2,1
1847,2,1,2,1
1848,3,1,3,1
1849,3,1,1,0
1850,3,1,2,1
1852,3,1,2,1
1854,3,0,0,1
1856,3,0,0,1
1857,2,1,1,1
1858,3,0,0,0
1860,3,1,2,1
1862,2,1,3,1
1864,2,0,2,0
1866,2,0,2,0
1868,2,1,2,1
1869,3,1,3,1
1870,3,0,2,1
1872,3,0,2,0
1873,3,1,2,1
1874,3,0,2,1
1875,2,0,2,1
1876,2,0,2,0
1878,2,0,2,0
1881,2,1,2,1
1884,3,0,2,1
1889,2,1,2,0
1890,2,1,2,0
1892,2,1,1,0
1896,2,1,2,0
1897,3,1,3,1
1898,3,1,2,0
1899,2,1,1,0
1900,2,1,0,0
1901,3,0,2,1
1905,3,0,2,0
1906,3,1,3,1
1907,3,0,2,0
1909,3,0,2,0
1910,3,0,2,0
1913,3,0,2,0
1914,3,0,2,1
1916,3,0,2,1
1917,3,0,3,0
1919,2,0,2,0
1921,3,1,2,0
1922,3,1,1,0
1923,3,1,3,0
1924,3,0,2,0
1926,3,0,3,1
1929,3,0,0,0
1930,3,1,3,1
1931,0,0,0,0
1932,3,1,3,0
1933,3,1,3,0
1934,3,1,1,0
1935,3,1,0,0
1936,3,0,0,0
1940,3,0,2,1
1941,3,0,2,1
1942,2,0,0,0
1943,3,1,2,1
1944,3,0,2,0
1947,3,0,2,1
1948,3,0,2,1
1949,3,0,2,1
1950,3,0,2,1
1951,3,1,1,0
1952,3,0,2,1
1953,3,1,2,1
1954,3,0,2,0
1955,3,0,2,0
1956,3,1,0,0
1957,3,1,2,1
1958,3,1,2,1
1959,3,1,2,1
1960,3,1,2,1
1961,3,1,3,1
1962,3,1,3,0
1963,3,0,3,0
1964,3,0,2,1
1965,3,0,2,1
1966,3,0,2,1
1967,3,0,2,1
1969,3,1,3,0
1970,3,1,2,1
1971,3,0,3,1
1973,3,1,0,0
1974,3,0,2,1
1976,3,0,3,1
1978,3,0,3,1
1980,3,1,2,1
1982,3,1,2,1
1983,3,0,1,0
1984,3,0,2,0
1985,3,1,2,1
1986,3,1,2,1
1987,3,1,2,1
1988,3,1,1,1
1989,3,1,0,0
1990,3,0,1,1
1991,3,0,2,0
1993,3,1,2,1
1994,3,0,2,0
1996,3,0,2,1
1998,3,1,2,0
1999,3,1,2,0
2000,3,0,3,1
2003,3,1,2,1
2004,3,1,1,0
2006,3,0,2,0
2007,3,1,2,0
2009,3,0,2,1
2010,3,0,2,1
2012,3,0,0,0
2013,3,0,2,0
2015,3,0,3,1
2017,3,0,0,1
2020,3,1,3,0
2021,3,1,2,1
2022,3,0,2,1
2024,3,1,1,1
2025,3,1,2,0
2027,3,1,2,0
2028,3,1,1,1
2029,3,1,2,1
2030,3,0,0,1
2032,3,0,2,0
2035,3,0,2,0
2038,3,1,3,1
2039,3,1,2,1
2042,3,0,1,1
2043,3,0,2,1
2045,3,0,2,1
2046,3,0,1,1
2047,3,1,0,0
2048,3,1,0,0
2049,3,1,2,1
2053,3,0,2,1
2054,3,0,2,1
2055,3,0,2,1
2056,3,1,0,1
2057,3,1,3,0
2058,3,1,3,1
2059,3,0,2,1
2062,3,1,0,1
2063,3,0,0,1
2064,3,0,2,1
2065,3,0,2,1
2067,3,0,0,0
2068,3,0,3,0
2069,3,0,3,0
2071,3,1,2,0
2074,3,1,0,0
2075,3,1,3,1
2076,3,0,2,1
2078,3,0,0,1
2080,0,0,1,1
2082,3,1,2,1
2084,3,1,2,0
2086,3,0,0,1
2087,3,1,1,0
2089,3,0,1,1
2090,3,0,1,1
2091,3,1,2,0
2092,3,1,1,0
2094,3,1,0,1
2096,3,1,2,1
2099,3,1,1,0
2100,3,0,3,1
2101,3,0,3,1
2102,3,0,2,1
2103,3,0,1,1
2104,3,1,2,1
2105,3,1,2,0
2108,3,1,2,1
2110,3,1,2,1
2111,3,1,2,1
2112,3,1,0,0
2113,3,1,2,1
2115,3,1,0,1
2116,3,0,0,1
2117,3,1,3,1
2119,3,0,3,1
2120,3,1,3,0
2121,3,1,0,0
2124,3,1,2,0
2126,3,0,2,1
2127,3,0,0,1
2128,3,1,0,0
2129,3,0,2,0
2130,3,0,2,0
2131,3,0,2,0
2132,3,0,2,0
2133,3,0,0,1
2136,3,0,2,1
2137,3,0,1,0
2138,3,1,2,0
2139,3,0,2,1
2140,3,0,2,1
2141,3,0,2,1
2142,3,0,2,1
2145,3,1,3,1
2147,3,1,1,0
2151,3,1,2,1
2152,3,0,0,0
2153,3,0,1,0
2155,3,0,2,0
2156,3,1,2,1
2157,3,1,2,1
2158,3,1,3,1
2159,3,1,2,1
2160,3,1,2,1
2161,3,0,2,1
2162,3,0,2,1
2163,3,0,2,1
2164,3,0,3,0
2165,3,1,0,1
2167,3,0,2,0
2169,3,0,2,1
2171,3,0,3,1
2172,3,0,2,1
2174,3,1,2,0
2175,3,1,0,0
2176,3,0,0,0
2179,3,0,2,0
2181,3,1,2,1
2183,3,0,3,1
2185,3,1,2,1
2187,3,1,2,0
2193,3,1,1,1
2194,3,0,3,1
2195,3,0,3,1
2196,3,1,2,0
2198,0,1,3,1
2202,3,0,2,1
2204,3,0,1,0
2205,3,0,2,0
2206,3,1,3,0
2207,3,0,2,1
2208,3,0,2,1
2209,3,1,2,1
2210,3,1,2,0
2211,3,0,1,1
2212,3,1,2,0
2213,3,0,2,1
2214,3,1,2,1
2217,3,1,3,1
2220,3,1,3,1
2223,3,1,0,0
2227,3,0,0,1
2230,3,1,2,1
2236,3,1,2,0
2237,3,1,2,0
2238,3,1,3,0
2240,3,0,2,1
2241,3,1,1,1
2243,3,0,2,1
2244,3,0,2,1
2248,3,1,0,0
2250,3,1,2,1
2255,3,0,2,1
2256,3,1,2,1
2257,3,1,2,0
2259,3,1,3,1
2260,3,1,2,0
2263,3,1,3,1
2266,3,1,3,1
2269,0,0,2,0
2272,3,1,0,0
2273,3,1,3,1
2274,3,1,2,0
2275,3,1,1,0
2278,3,1,2,1
2279,3,1,2,1
2282,3,0,2,0
2283,3,0,1,0
2284,3,1,2,1
2285,3,0,0,0
2286,3,0,2,1
2287,3,1,0,0
2289,3,1,2,0
2290,0,0,1,1
2292,0,0,2,1
2293,3,0,2,1
2295,0,1,2,1
2297,0,0,0,1
2298,0,0,1,1
2299,0,0,2,1
2303,0,0,1,1
2304,3,0,2,0
2306,3,0,2,0
2309,3,1,2,0
2314,1,1,1,1
2315,1,1,0,0
2316,0,1,3,1
2317,3,1,2,0
2318,3,1,2,1
2319,3,1,2,1
2321,3,1,2,0
2324,3,1,0,1
2325,3,1,0,0
2326,3,0,2,0
2327,3,0,2,0
2329,3,0,1,0
2330,3,1,2,1
2331,0,0,0,0
2332,3,1,2,0
2334,3,1,0,0
2335,3,0,3,0
2336,3,1,2,1
2337,1,0,0,0
2338,0,0,2,1
2339,3,0,2,1
2340,3,0,2,0
2342,3,1,2,0
2344,0,0,2,1
2346,3,1,1,1
2348,3,1,2,0
2350,3,0,2,0
2352,0,0,2,1
2353,0,0,3,0
2354,0,1,2,1
2355,0,0,2,1
2356,0,0,2,1
2357,3,1,3,0
2359,3,0,2,1
2361,0,1,1,0
2363,3,1,0,0
2365,0,0,3,1
2367,3,0,3,0
2369,0,0,2,1
2372,0,0,0,1
2373,3,1,0,0
2374,3,1,3,0
2375,3,1,2,0
2376,3,1,2,0
2377,3,1,0,0
2391,0,0,1,0
2393,0,1,2,1
2395,0,0,3,1
2396,0,0,3,1
2399,0,0,3,1
2401,0,0,2,1
2403,0,0,2,0
2407,3,1,1,0
2409,0,1,3,1
2411,0,0,2,1
2412,0,0,3,1
2413,0,0,0,1
2415,0,0,2,0
2416,0,0,0,0
2417,0,1,2,1
2419,0,1,2,1
2421,0,0,2,1
2423,0,1,2,0
2428,0,1,3,0
2429,0,1,3,1
2432,0,1,2,1
2434,0,0,0,0
2437,0,1,1,1
2439,0,1,0,1
2440,0,0,0,1
2441,0,1,1,0
2442,0,1,3,1
2444,0,0,0,1
2446,0,0,2,1
2448,0,1,1,1
2450,0,1,2,1
2451,0,1,2,1
2455,0,0,2,1
2459,0,1,2,0
2462,0,0,0,0
2464,0,1,2,0
2466,0,1,3,1
2468,0,1,2,0
2469,0,0,3,0
2470,0,0,0,0
2473,0,1,2,0
2475,0,1,2,0
2477,0,0,2,0
2480,0,1,0,1
2481,0,1,2,1
2482,0,1,2,1
2483,0,1,0,1
2484,0,1,1,1
2485,0,0,3,1
2486,0,1,3,1
2488,0,0,0,1
2489,0,0,2,1
2490,0,1,1,0
2491,0,1,0,0
2492,0,1,2,1
2493,0,1,0,0
2494,0,1,2,0
2495,0,1,2,0
2497,0,1,1,0
2499,0,1,2,1
2500,0,0,2,0
2502,0,0,2,1
2503,0,0,0,1
2505,0,1,1,0
2506,0,0,2,0
2507,0,0,2,0
2508,0,0,2,0
2509,0,0,2,0
2510,0,0,2,0
2515,0,0,0,1
2516,0,0,0,1
2518,0,1,3,0
2520,0,1,0,0
2522,0,1,2,0
2524,0,1,2,0
2526,0,1,2,0
2528,0,0,2,1
2530,0,0,3,1
2532,0,1,2,1
2533,0,1,2,1
2535,0,0,2,1
2536,0,0,2,1
2537,0,1,3,1
2538,0,1,0,1
2541,0,1,2,0
2542,0,1,1,1
2545,0,1,2,1
2546,0,0,3,1
2547,0,0,3,1
2548,0,0,2,0
2549,0,0,2,0
2553,0,0,2,1
2554,0,1,1,1
2555,0,0,2,0
2557,0,0,2,0
2558,0,1,2,1
2559,0,0,0,1
2560,0,0,2,1
2561,0,1,2,0
2562,0,1,2,0
2566,0,1,2,1
2567,0,1,2,0
2570,0,1,2,0
2571,0,1,0,1
2573,0,1,3,0
2574,0,0,2,1
2576,0,1,2,1
2580,0,0,2,0
2581,0,0,2,0
2584,0,1,2,0
2585,0,1,2,0
2586,0,1,2,0
2588,0,0,2,1
2590,1,0,0,0
2592,0,1,2,0
2594,0,1,0,1
2596,0,0,2,1
2598,0,0,0,0
2600,0,1,2,0
2602,0,1,0,0
2604,0,0,3,1
2606,0,1,0,0
2608,0,1,2,1
2610,0,1,2,1
2611,0,1,0,1
2612,0,0,0,0
2613,0,0,2,1
2614,0,1,2,0
2615,0,1,3,0
2616,0,0,2,1
2617,0,1,0,1
2620,0,1,1,0
2622,0,0,2,1
2623,0,1,2,1
2624,0,0,2,1
2625,0,0,0,1
2626,0,0,2,1
2627,0,0,2,1
2628,0,0,2,1
2629,0,1,2,1
2630,0,1,1,0
2631,0,1,1,1
2633,0,0,2,1
2634,0,0,2,0
2635,0,1,0,0
2636,0,1,2,1
2637,0,0,3,1
2639,0,0,2,1
2640,0,0,2,1
2641,0,1,3,0
2642,0,1,1,0
2643,0,0,0,1
2645,0,1,3,0
2646,0,1,3,0
2647,0,1,2,0
2648,0,1,1,0
2649,0,1,1,0
2650,0,1,1,0
2651,0,1,1,0
2652,0,0,2,0
2653,0,1,2,0
2656,0,0,2,1
2657,0,1,3,0
2658,0,1,1,0
2659,0,1,0,1
2660,0,1,0,1
2661,0,1,2,0
2663,0,1,0,0
2664,0,1,1,0
2665,0,1,1,0
2667,0,1,1,0
2668,0,1,1,0
2670,0,1,2,0
2671,0,0,2,1
2673,0,0,3,0
2674,0,1,2,0
2675,0,1,2,0
2676,0,0,1,0
2678,0,0,1,0
2681,0,1,1,0
2682,0,1,2,0
2683,0,0,3,0
2685,0,1,2,0
2686,0,1,2,0
2687,0,0,2,0
2688,0,0,2,0
2689,0,0,2,0
2690,0,0,0,0
2691,0,0,0,0
2693,0,1,2,0
2694,0,1,3,1
2695,0,1,2,0
2696,0,1,2,0
2697,0,1,2,0
2699,0,1,2,0
2701,0,1,0,0
2703,0,0,3,1
2706,0,0,2,1
2708,0,1,3,1
2709,0,1,2,0
2711,0,0,2,0
2712,0,1,0,1
2713,1,1,2,1
2715,0,0,2,1
2718,0,1,0,1
2719,0,1,0,0
2720,0,1,1,0
2721,0,0,2,0
2722,0,1,2,1
2724,0,1,2,0
2726,0,0,3,1
2728,0,1,1,0
2729,0,1,2,1
2730,0,1,1,1
2733,0,1,0,0
2734,0,1,3,1
2735,0,0,1,0
2736,0,0,1,0
2737,0,0,2,0
2743,0,1,2,1
2744,0,0,0,0
2745,0,1,1,1
2747,0,1,2,0
2748,0,1,3,0
2749,0,1,0,0
2750,0,1,1,1
2751,0,0,2,1
2752,0,1,2,0
2755,0,0,3,1
2757,0,0,2,1
2758,0,0,2,1
2760,0,1,0,1
2761,0,1,2,1
2762,0,1,2,1
2764,1,0,1,0
2766,1,0,1,0
2767,0,1,3,0
2768,0,1,2,1
2770,0,0,3,0
2772,1,1,1,1
2774,0,1,2,1
2776,0,1,2,1
2778,0,0,2,1
2780,0,0,2,1
2782,0,0,2,1
2784,0,0,0,0
2786,0,1,1,0
2788,0,1,1,0
2789,0,0,0,0
2790,0,1,0,1
2791,0,1,3,1
2792,0,0,2,0
2793,0,0,1,0
2794,0,0,1,0
2796,1,0,2,1
2798,0,1,3,0
2800,0,0,2,1
2803,0,1,2,1
2806,0,1,0,0
2807,1,0,2,0
2809,1,0,1,0
2810,0,1,2,0
2811,0,0,2,0
2812,0,1,2,1
2813,0,1,3,1
2814,0,1,1,1
2815,0,1,2,1
2816,0,0,2,0
2818,0,0,2,0
2820,1,1,2,1
2822,0,0,2,0
2824,1,0,3,0
2825,0,1,2,0
2826,0,1,1,1
2827,1,1,2,1
2828,1,1,0,0
2829,0,1,2,1
2830,0,1,2,1
2831,1,1,1,1
2832,0,1,2,0
2833,0,1,1,0
2834,0,0,1,0
2837,0,0,2,0
2838,0,0,2,0
2841,0,1,2,0
2842,1,0,0,1
2843,0,0,0,0
2844,1,1,2,1
2846,1,0,2,1
2848,1,0,3,1
2849,1,1,2,1
2850,1,0,3,1
2851,1,0,3,1
2853,1,0,2,1
2855,0,1,0,0
2857,1,0,2,1
2859,1,0,3,1
2860,1,0,1,1
2861,0,1,3,0
2863,0,1,2,0
2864,1,0,2,1
2865,1,1,2,1
2866,0,1,2,0
2868,0,0,0,0
2869,1,1,3,1
2870,1,1,0,1
2871,1,0,2,0
2872,1,0,0,0
2874,1,0,0,0
2879,1,1,0,1
2881,0,1,0,0
2883,1,0,3,1
2884,1,0,0,0
2885,1,0,2,0
2886,1,1,0,0
2887,1,0,2,0
2888,1,1,3,0
2889,0,0,0,0
2890,1,0,2,1
2893,1,1,1,0
2894,1,0,2,1
2895,1,1,3,0
2896,1,1,2,0
2897,1,0,0,1
2898,1,1,0,0
2899,1,0,3,1
2900,1,0,0,0
2902,1,0,2,1
2906,1,1,1,1
2907,1,0,2,1
2908,1,1,0,0
2910,1,1,2,1
2911,1,1,2,1
2912,1,0,2,1
2913,1,1,2,1
2915,1,0,3,1
2917,1,0,3,0
2918,1,0,0,0
2919,1,0,0,0
2921,1,0,0,0
2922,1,0,2,0
2924,1,1,2,0
2926,1,1,1,0
2928,1,1,0,0
2929,1,0,0,0
2931,1,0,0,0
2932,1,0,0,0
2933,1,0,0,0
2934,1,0,2,1
2935,1,0,2,1
2937,1,0,2,1
2939,1,1,2,1
2941,1,1,2,0
2944,1,1,0,0
2946,1,1,3,1
2948,1,1,2,1
2950,1,0,3,1
2951,1,0,3,1
2952,1,1,0,1
2954,1,0,2,1
2955,1,0,0,0
2956,1,1,0,0
2957,1,0,1,0
2959,1,1,0,1
2961,1,1,0,1
2963,1,1,2,0
2965,1,0,0,0
2966,1,0,0,0
2967,1,0,0,0
2968,1,1,0,0
2969,1,0,1,1
2970,1,0,2,1
2971,1,0,1,1
2972,1,0,2,1
2974,1,1,2,0
2975,1,0,0,1
2976,1,0,2,1
2977,1,0,2,1
2978,1,0,3,1
2979,1,1,0,1
2984,1,1,0,1
2985,1,0,2,0
2986,1,0,3,1
2987,1,0,0,0
2988,1,0,0,0
2989,1,0,0,0
2990,1,0,0,0
2991,1,0,2,0
2995,1,0,0,1
2996,1,1,0,0
2997,1,1,1,1
2998,1,1,2,0
2999,1,1,2,0
3000,1,1,1,0
3001,1,0,2,0
3004,1,0,2,0
3005,1,0,2,0
3009,1,0,2,0
3010,1,0,2,1
3011,1,0,2,1
3013,1,1,0,1
3014,1,0,2,0
3015,1,0,1,0
3016,1,0,2,1
3018,1,0,2,0
3020,1,1,0,1
3021,1,0,2,1
3023,1,1,2,1
3024,1,1,0,1
3025,1,1,0,1
3027,1,1,0,0
3029,1,0,0,0
3031,1,0,0,0
3033,1,0,2,0
3034,1,0,0,0
3035,1,0,2,0
3036,1,0,2,1
3037,1,0,2,1
3039,1,1,0,0
3040,1,1,2,1
3041,1,1,0,0
3042,1,1,2,1
3044,1,1,2,0
3046,1,1,2,1
3048,1,1,2,1
3049,1,1,2,1
3050,1,1,2,1
3051,1,1,1,0
3052,1,1,2,1
3054,1,0,2,1
3055,1,0,3,0
3056,1,1,0,0
3057,1,0,3,0
3058,1,1,0,0
3060,1,0,2,0
3062,1,0,2,0
3064,1,0,0,1
3066,1,0,0,0
3068,1,0,0,0
3070,1,0,3,1
3072,1,1,2,1
3073,1,0,2,0
3074,1,0,0,0
3075,1,0,2,0
3076,1,0,2,0
3077,1,0,2,0
3080,1,0,2,0
3081,1,0,0,0
3082,1,0,0,1
3083,1,1,2,0
3084,1,1,0,1
3086,1,0,2,0
3087,1,0,0,0
3089,1,0,0,0
3091,1,0,0,0
3093,1,0,0,0
3095,1,0,2,1
3097,1,0,3,0
3099,1,0,0,0
3101,1,0,0,1
3102,1,0,0,1
3103,1,0,2,1
3106,1,0,0,0
3108,1,0,0,0
3109,1,1,2,1
3110,1,1,2,0
3111,1,1,0,1
3115,1,0,1,0
3117,1,0,0,1
3119,1,0,3,1
3120,1,1,3,1
3122,1,1,3,0
3123,1,1,0,1
3124,1,0,3,1
3125,1,0,2,1
3127,1,0,3,0
3130,2,0,2,1
3133,1,0,2,1
3134,1,0,2,1
3135,1,1,2,1
3136,1,1,2,1
3137,1,0,1,0
3138,1,1,3,0
3139,1,1,2,1
3140,1,0,2,1
3141,1,0,2,1
3142,1,0,1,0
3143,1,0,0,0
3144,1,0,2,1
3145,1,0,2,1
3147,1,1,0,0
3148,1,1,0,1
3149,1,1,0,1
3150,1,1,2,1
3151,1,0,2,1
3152,1,1,2,1
3153,1,0,2,0
3154,1,0,3,0
3155,1,1,0,0
3156,2,0,0,0
3158,1,0,2,1
3160,1,1,1,0
3161,1,1,2,0
3162,1,1,2,0
3163,1,1,3,1
3164,1,0,0,0
3165,1,0,0,0
3166,1,0,0,0
3167,1,0,0,0
3169,1,0,0,0
3170,1,0,0,0
3171,1,0,0,0
3174,2,0,2,1
3175,1,0,2,0
3176,1,0,2,0
3177,1,0,2,0
3178,1,1,2,1
3179,1,1,2,0
3180,1,1,1,0
3181,1,1,0,0
3182,1,1,2,1
3183,1,1,2,1
3184,2,1,2,1
3187,1,1,2,0
3188,1,1,2,1
3190,1,1,2,0
3191,1,1,2,0
3193,1,1,2,0
3196,1,0,0,1
3197,1,0,0,0
3200,1,0,0,0
3201,1,0,0,0
3202,1,0,0,0
3203,1,0,0,0
3205,1,1,0,0
3206,1,1,2,1
3207,1,0,2,0
3209,1,1,2,1
3212,1,0,1,0
3213,1,0,0,0
3214,1,0,2,0
3215,1,0,0,0
3216,1,0,0,0
3217,1,1,2,1
3218,1,1,0,0
3219,1,1,3,1
3221,1,1,3,0
3223,1,0,0,0
3224,1,1,2,0
3225,1,0,0,0
3227,1,0,0,0
3229,1,0,0,0
3231,1,0,0,0
3233,1,0,0,0
3234,1,0,2,1
3235,1,0,0,0
3236,1,0,0,0
3237,1,0,1,0
3238,1,0,0,0
3240,2,0,2,1
3241,1,1,2,1
3242,1,0,2,1
3243,1,1,0,1
3244,1,0,0,1
3247,1,1,3,1
3249,1,1,0,1
3250,1,1,0,1
3251,1,1,3,0
3252,1,1,3,1
3253,1,0,2,0
3254,1,0,2,0
3260,1,1,2,1
3261,1,1,2,1
3262,1,1,2,1
3263,2,0,2,1
3264,1,0,2,1
3266,1,1,0,1
3267,1,1,0,1
3269,1,1,2,0
3271,1,0,0,1
3273,1,1,1,0
3275,1,0,2,0
3277,1,1,0,0
3279,1,1,0,0
3280,1,1,3,1
3284,1,0,0,0
3285,1,1,2,0
3286,1,0,2,0
3287,1,1,3,0
3288,2,0,0,1
3289,1,1,2,1
3290,1,1,1,0
3291,1,1,2,1
3292,1,0,2,1
3293,1,1,0,1
3295,1,0,0,0
3296,1,0,0,0
3300,1,0,3,0
3301,1,0,0,0
3302,2,1,2,1
3303,1,0,2,0
3304,1,0,2,0
3305,1,0,2,0
3306,1,0,2,0
3315,1,0,0,1
3316,1,0,0,1
3317,1,0,0,0
3318,1,1,3,1
3319,1,1,3,0
3320,1,1,3,1
3321,1,1,2,0
3323,1,1,2,1
3325,1,1,2,0
3326,1,0,0,1
3327,1,0,2,0
3329,1,0,0,0
3330,1,0,2,0
3331,1,1,2,1
3332,2,0,2,1
3334,1,1,2,0
3336,1,1,1,1
3354,1,0,0,0
3355,1,0,0,0
3356,1,0,1,1
3357,1,0,1,0
3358,1,0,0,1
3359,1,0,0,1
3360,1,0,0,1
3361,1,0,0,1
3363,1,0,1,0
3365,1,0,0,1
3366,1,0,2,1
3368,1,0,0,1
3369,1,0,2,1
3370,1,1,0,1
3371,1,1,0,1
3372,1,1,0,1
3375,1,0,0,1
3377,1,0,0,1
3378,1,0,0,1
3379,1,0,2,1
3380,1,0,2,1
3381,2,0,1,1
3382,1,1,2,0
3386,1,0,0,1
3387,1,0,0,1
3388,1,1,0,1
3389,1,1,2,1
3390,1,1,0,0
3392,1,1,3,1
3393,1,1,2,0
3395,1,0,2,0
3396,1,1,2,1
3398,1,1,1,1
3399,1,0,3,1
3400,1,0,0,1
3401,1,0,1,0
3402,2,0,1,1
3403,2,0,0,1
3406,1,1,0,1
3407,1,1,0,1
3408,1,1,1,0
3409,1,1,3,0
3412,1,0,3,0
3414,1,0,2,0
3416,1,0,2,1
3417,1,0,0,1
3419,1,1,3,0
3420,1,0,3,1
3421,1,1,0,1
3422,1,1,0,0
3425,1,0,1,0
3426,1,1,1,0
3428,2,0,0,0
3430,2,0,0,1
3432,1,0,2,0
3435,1,0,0,1
3437,1,0,0,1
3440,1,0,0,0
3441,2,0,2,1
3442,1,0,1,0
3443,1,0,2,1
3444,1,0,1,0
3445,1,0,0,0
3448,1,0,0,1
3449,1,0,0,1
3451,1,0,2,0
3452,1,0,1,0
3453,2,0,2,1
3454,2,0,2,1
3455,1,1,3,1
3458,1,0,1,0
3460,1,0,1,0
3461,1,0,1,0
3463,1,0,1,0
3464,1,0,1,0
3465,1,0,1,0
3466,1,0,1,0
3468,2,0,2,1
3469,2,0,2,1
3470,2,0,2,1
3471,2,0,0,1
3472,2,0,2,1
3474,1,0,0,1
3475,1,0,0,1
3476,1,1,2,1
3477,2,1,2,1
3478,1,0,2,0
3479,1,0,2,0
3480,1,1,0,1
3481,1,0,3,1
3482,2,1,2,1
3483,1,1,3,1
3486,1,0,0,0
3488,1,0,2,1
3489,2,1,0,1
3491,2,0,3,1
3492,2,0,3,1
3493,1,0,0,1
3496,1,0,0,0
3499,1,0,0,0
3500,1,0,1,0
3501,2,1,2,1
3503,1,1,1,0
3506,1,0,1,0
3508,1,0,0,0
3511,1,0,1,0
3512,1,1,2,1
3513,1,1,2,1
3515,2,0,0,1
3516,2,0,3,1
3517,2,0,0,0
3518,2,0,0,0
3519,1,0,0,1
3520,1,1,1,1
3521,2,0,2,1
3522,2,0,2,1
3523,1,1,0,0
3524,2,1,2,1
3526,1,0,0,1
3527,1,0,0,1
3528,2,0,0,1
3532,2,1,0,1
3533,1,1,3,1
3534,1,1,0,0
3537,1,1,1,0
3538,1,0,0,0
3539,1,0,0,0
3540,1,0,0,0
3541,1,0,1,0
3542,1,1,2,0
3543,1,1,0,1
3546,1,0,0,0
3547,1,0,0,0
3548,1,0,1,0
3549,1,1,0,0
3553,1,0,0,0
3555,1,0,0,0
3557,2,0,2,1
3558,1,1,3,0
3559,2,0,2,1
3560,2,1,2,1
3562,1,1,0,0
3565,1,0,0,1
3566,1,0,1,0
3567,1,0,1,0
3568,1,0,1,0
3569,1,0,1,0
3570,1,0,2,0
3572,2,1,1,1
3577,2,1,0,1
3578,1,0,1,1
3579,1,0,0,1
3580,1,0,0,1
3581,1,0,1,0
3582,1,0,1,0
3583,2,1,3,0
3585,1,1,2,1
3586,1,1,1,1
3588,1,0,1,0
3589,1,1,2,0
3595,1,1,3,0
3596,1,1,1,1
3597,1,0,0,0
3598,2,1,2,1
3599,1,1,0,0
3600,1,0,1,0
3601,2,1,3,0
3602,1,0,1,0
3603,2,0,0,1
3604,1,0,2,0
3605,1,1,0,0
3606,1,1,0,0
3608,1,1,0,0
3609,1,1,0,0
3610,1,1,1,0
3612,1,1,2,0
3613,1,0,2,0
3620,1,1,2,1
3621,1,1,2,1
3622,2,1,2,1
3623,1,0,2,0
3624,1,1,2,1
3626,2,0,2,0
3627,2,0,0,1
3628,2,0,0,1
3630,1,1,0,1
3631,1,1,0,0
3632,2,0,0,1
3633,2,0,0,1
3634,2,0,0,0
3635,1,1,2,0
3636,2,0,0,1
3637,2,1,2,1
3638,2,0,1,1
3640,1,1,2,0
3642,2,0,2,0
3644,2,0,0,0
3645,1,0,0,0
3646,1,0,0,0
3648,2,0,1,1
3649,1,0,1,0
3650,1,0,3,0
3651,1,0,0,0
3652,1,0,3,0
3653,1,0,1,0
3656,1,1,0,0
3658,2,0,2,1
3660,1,1,0,1
3661,1,1,0,0
3662,1,0,2,1
3663,2,1,0,1
3664,1,1,0,1
3665,1,1,2,0
3667,2,1,2,1
3669,1,0,2,0
3670,1,0,2,0
3671,1,0,1,0
3672,1,0,0,0
3673,1,0,2,0
3676,1,0,0,0
3677,1,0,0,0
3679,2,0,0,1
3680,2,1,0,0
3682,2,0,0,1
3683,2,0,0,1
3684,2,1,2,1
3685,2,1,0,1
3686,2,0,2,1
3687,3,0,2,1
3688,2,0,2,1
3690,2,0,1,0
3691,2,1,1,1
3692,1,0,0,0
3693,1,0,1,0
3694,1,1,0,0
3695,2,1,2,1
3696,2,0,2,1
3700,2,0,3,1
3701,2,0,2,0
3702,2,0,2,0
3703,2,1,0,1
3704,2,1,0,1
3707,2,1,3,0
3718,2,1,2,1
3724,2,0,0,1
3725,2,0,0,1
3727,2,0,0,1
3728,2,0,0,1
3729,2,0,2,0
3730,2,0,2,0
3732,2,0,1,0
3734,2,0,0,1
3736,2,1,2,1
3738,2,1,1,1
3739,2,1,0,0
3740,2,0,2,1
3742,2,0,0,1
3743,2,0,1,1
3745,2,0,0,0
3746,2,0,1,1
3747,2,0,2,0
3748,2,0,1,0
3749,2,0,2,0
3750,2,0,2,1
3751,2,0,1,0
3753,2,0,1,0
3755,2,0,1,0
3756,2,0,1,0
3757,2,1,2,1
3758,2,0,2,1
3762,2,1,1,0
3763,2,1,2,1
3764,2,1,1,0
3765,2,0,0,1
3766,2,0,0,1
3768,2,0,3,1
3769,2,0,2,1
3770,2,0,2,1
3772,2,0,0,1
3774,2,0,0,1
3776,2,0,1,0
3777,2,1,1,1
3778,2,1,2,1
3779,2,0,0,1
3780,2,0,1,1
3781,2,0,2,1
3782,2,0,1,1
3785,2,0,0,1
3786,2,1,3,0
3787,2,0,3,1
3788,2,0,2,1
3789,2,1,1,1
3790,2,1,1,1
3791,2,1,1,1
3792,2,1,1,1
3793,2,1,1,1
3794,2,1,1,1
3795,2,0,2,0
3796,2,0,2,0
3797,2,0,3,0
3798,2,0,2,0
3799,2,0,2,0
3803,2,0,2,1
3804,2,1,1,0
3806,2,0,1,0
3807,2,1,2,0
3808,2,1,0,0
3809,2,0,1,1
3810,2,0,3,0
3811,2,0,2,0
3812,2,0,0,1
3815,2,0,1,0
3817,2,1,0,1
3819,2,0,0,1
3820,2,1,3,1
3821,2,1,2,1
3822,2,1,2,1
3823,2,1,2,1
3825,2,1,0,1
3827,2,0,0,0
3829,2,0,2,1
3831,2,0,1,0
3832,2,1,3,1
3833,2,0,2,1
3835,2,0,2,1
3836,2,1,0,0
3837,2,1,2,1
3838,2,1,3,1
3840,2,0,1,1
3841,2,0,2,1
3843,2,0,2,1
3844,2,0,0,0
3846,2,1,2,0
3847,2,1,2,0
3850,2,0,0,0
3851,2,1,2,1
3852,2,1,2,0
3853,2,0,1,1
3855,3,0,2,1
3856,2,0,2,1
3858,2,0,0,1
3860,2,0,1,1
3862,2,0,2,0
3863,2,1,3,0
3864,2,1,2,1
3865,2,0,0,1
3867,3,0,2,1
3869,2,0,2,1
3870,2,1,3,0
3871,2,0,0,1
3872,2,0,2,1
3876,2,1,0,0
3877,2,1,2,1
3878,3,0,1,1
3883,2,0,2,1
3884,2,0,2,1
3886,2,1,0,0
3887,2,0,0,1
3889,2,0,3,1
3891,2,0,1,0
3892,2,1,0,0
3893,2,0,0,0
3894,2,1,2,1
3895,2,0,1,1
3896,2,0,2,1
3897,3,0,2,0
3898,2,0,1,1
3899,2,0,1,1
3900,2,0,1,1
3901,2,0,0,1
3902,2,1,2,1
3903,2,0,1,0
3904,2,0,0,1
3905,2,0,0,1
3906,2,1,2,1
3907,2,1,2,1
3908,2,0,0,1
3912,2,0,1,0
3913,2,0,1,0
3914,2,0,0,0
3915,2,0,1,1
3917,2,0,2,1
3919,2,1,0,1
3920,2,0,2,0
3922,2,0,1,0
3923,2,1,2,1
3926,2,0,1,0
3927,2,0,2,0
3928,2,0,1,0
3929,2,1,3,0
3930,2,1,1,0
3933,2,1,1,1
3934,3,1,2,1
3937,2,0,0,1
3939,2,0,2,1
3940,2,1,2,1
3941,2,0,1,0
3944,2,1,3,1
3946,2,0,1,1
3947,2,1,1,0
3948,2,1,3,1
3949,2,0,2,1
3950,2,0,1,0
3951,3,0,1,1
3953,2,1,3,0
3954,2,0,1,1
3955,2,1,3,0
3956,2,0,1,0
3957,2,0,0,0
3958,2,0,2,0
3959,2,0,1,0
3960,2,0,1,0
3968,2,0,1,1
3970,2,0,1,1
3971,2,0,3,0
3972,3,0,1,0
3973,3,0,0,0
3974,2,0,3,1
3976,2,0,1,0
3978,2,0,1,0
3981,2,1,0,1
3984,2,0,1,0
3987,2,0,1,0
3988,3,1,0,0
3989,2,0,1,1
3992,2,1,2,0
3993,2,1,2,0
3994,2,0,0,0
3995,2,0,0,1
3997,2,0,2,1
3998,2,1,0,1
4000,2,0,2,1
4002,2,1,0,0
4003,3,0,0,1
4004,2,0,2,1
4005,2,0,1,1
4007,2,0,1,0
4010,2,1,3,1
4011,2,1,3,1
4013,2,0,1,0
4014,2,0,1,0
4015,2,0,1,0
4018,2,0,0,1
4019,2,0,1,1
4020,2,0,1,1
4021,2,0,1,0
4022,2,1,1,1
4023,2,0,2,0
4024,2,0,1,1
4025,2,0,1,0
4027,2,0,1,0
4029,2,0,1,0
4030,2,0,1,0
4032,2,1,2,0
4033,2,0,3,1
4034,2,1,0,1
4035,2,1,0,1
4036,2,1,0,0
4038,2,0,2,1
4039,2,0,1,1
4040,2,0,2,1
4041,2,1,1,1
4042,2,1,1,0
4043,2,0,2,1
4044,2,1,2,0
4045,2,0,1,1
4046,2,0,1,1
4047,2,0,1,1
4048,2,0,2,0
4050,2,1,2,1
4052,2,0,2,1
4053,2,0,1,1
4054,2,0,1,1
4056,2,1,2,1
4058,2,0,0,1
4060,2,0,3,0
4061,2,0,1,0
4063,2,0,1,0
4064,3,1,2,1
4065,2,0,1,1
4066,2,1,1,1
4069,2,1,0,1
4071,2,0,0,1
4072,2,1,0,0
4073,2,1,2,1
4074,2,1,2,1
4078,2,0,1,0
4080,2,0,1,1
4081,2,0,1,1
4085,2,0,0,0
4086,2,0,3,0
4087,2,0,0,0
4088,2,0,0,0
4089,2,0,0,0
4090,2,0,1,0
4092,2,0,1,1
4094,2,0,1,1
4096,2,1,2,0
4099,2,1,0,0
4100,3,0,0,1
4101,2,0,0,1
4102,2,0,0,1
4103,2,1,2,1
4105,2,0,3,0
4107,3,0,3,0
4108,2,0,1,1
4109,2,0,1,1
4111,2,0,0,1
4113,2,0,1,0
4117,2,1,2,1
4120,2,0,1,1
4122,2,1,2,1
4123,2,0,2,1
4124,2,1,2,1
4125,2,0,3,1
4127,2,1,3,1
4128,2,1,3,1
4130,2,0,1,1
4131,2,1,2,0
4134,2,1,1,1
4135,2,1,1,1
4136,2,1,1,1
4137,2,1,1,1
4139,2,1,1,1
4140,2,1,1,1
4141,2,1,2,0
4142,2,1,2,0
4143,2,1,2,0
4149,2,0,2,0
4150,3,0,0,1
4151,2,0,1,0
4152,3,0,0,1
4153,2,1,2,1
4154,2,1,1,1
4155,2,1,1,1
4163,2,1,1,1
4164,2,0,2,1
4165,2,1,2,1
4166,2,1,2,0
4169,2,0,2,0
4173,2,0,1,1
4174,2,0,2,1
4175,2,0,0,1
4176,2,0,0,1
4178,2,0,3,0
4179,2,0,1,0
4180,2,0,3,0
4181,2,0,0,1
4182,2,1,2,0
4184,2,1,2,1
4185,2,1,2,1
4186,2,1,2,0
4187,2,1,1,1
4188,2,1,2,1
4189,2,0,1,1
4190,2,0,0,1
4191,2,0,1,0
4192,2,0,1,0
4193,2,0,1,0
4194,2,0,1,0
4195,2,1,2,0
4196,2,1,2,1
4197,2,1,0,0
4198,2,1,1,0
4199,3,0,0,1
4200,2,0,1,0
4201,2,1,0,1
4203,2,0,1,0
4204,2,1,2,1
4205,2,1,1,0
4206,2,0,3,1
4207,2,0,2,1
4211,2,1,2,1
4215,3,0,2,1
4220,2,0,1,0
4224,2,1,0,1
4226,2,1,1,1
4228,2,1,2,0
4229,2,0,0,0
4231,2,1,2,0
4232,2,1,2,0
4233,2,1,0,1
4235,2,1,2,1
4237,3,0,2,1
4238,2,0,3,0
4240,3,0,2,0
4242,2,0,2,0
4245,3,0,3,1
4246,0,0,2,1
4247,0,0,2,1
4248,3,0,2,1
4250,2,0,0,0
4251,2,0,1,0
4252,2,0,1,0
4253,2,0,1,0
4254,2,0,1,0
4255,2,0,1,0
4257,2,1,1,0
4259,2,0,1,0
4260,2,0,1,0
4262,2,1,0,1
4264,2,1,3,1
4266,2,0,3,1
4268,2,0,0,0
4270,2,0,1,1
4272,2,1,2,1
4273,2,0,3,1
4274,2,0,2,0
4276,2,0,0,0
4277,2,0,1,0
4278,2,0,2,0
4280,2,1,2,0
4282,2,0,1,1
4284,2,0,3,0
4285,2,1,0,1
4288,2,1,1,1
4291,2,0,1,1
4295,2,1,1,0
4296,2,1,0,0
4298,2,0,1,0
4300,2,1,3,0
4301,2,0,2,1
4302,2,1,0,1
4303,3,1,0,0
4304,2,0,0,0
4305,2,0,0,0
4308,2,0,0,0
4309,2,0,0,0
4310,2,0,0,0
4311,2,0,2,0
4312,2,1,3,1
4313,2,1,3,0
4314,2,0,3,0
4315,2,1,2,1
4317,2,1,1,1
4318,3,0,2,1
4319,2,0,2,0
4320,2,0,2,0
4321,2,0,1,0
4322,2,0,2,0
4323,2,0,0,0
4325,2,1,2,1
4326,2,0,1,0
4327,2,0,1,0
4328,2,1,0,1
4329,3,0,2,1
4330,3,0,2,1
4331,3,0,3,1
4333,3,0,1,1
4334,2,0,1,1
4335,3,0,2,1
4337,2,1,0,1
4338,2,0,1,0
4339,2,1,2,0
4340,2,0,1,0
4341,2,0,1,0
4343,3,0,1,1
4344,3,0,1,1
4345,2,1,3,0
4346,2,0,1,0
4348,2,1,1,1
4350,2,1,2,1
4353,2,1,1,1
4354,2,1,0,0
4356,3,0,0,1
4358,3,0,0,1
4360,2,0,1,1
4362,2,0,2,0
4364,2,1,0,0
4365,3,1,2,1
4366,2,0,2,0
4368,2,1,1,1
4369,2,1,1,1
4370,2,1,0,1
4371,2,0,0,0
4372,3,0,0,1
4373,2,0,0,1
4376,3,0,2,1
4377,2,0,0,0
4378,2,0,1,1
4380,2,0,1,0
4381,2,0,1,0
4382,2,0,2,0
4383,2,0,2,1
4384,2,0,0,1
4385,3,0,2,1
4386,2,1,0,1
4387,2,1,2,1
4388,0,0,3,1
4390,3,1,0,1
4391,2,1,2,0
4392,3,1,3,1
4397,3,1,2,1
4398,2,0,0,0
4399,3,0,2,1
4400,2,0,2,0
4402,2,0,2,0
4403,2,1,1,1
4405,2,0,0,0
4406,2,1,1,0
4407,2,1,2,1
4408,3,0,1,1
4409,3,1,2,1
4410,2,1,3,0
4411,2,1,3,1
4412,2,1,3,1
4413,2,0,1,0
4414,2,0,1,0
4415,3,0,2,1
4416,2,1,2,1
4417,3,0,2,1
4418,3,0,1,1
4419,2,0,1,1
4421,3,1,0,1
4422,2,0,2,0
4423,2,1,3,0
4424,3,0,1,1
4426,2,1,3,0
4429,2,0,2,1
4431,2,1,1,0
4435,2,1,1,1
4438,2,1,0,1
4439,2,1,3,1
4440,2,1,0,0
4441,2,1,1,1
4442,2,1,1,1
4443,2,0,1,1
4444,3,0,2,0
4445,3,0,1,0
4446,3,0,1,0
4447,3,0,0,1
4448,2,1,3,0
4449,3,1,2,1
4450,2,0,1,1
4452,3,0,1,1
4453,2,0,0,0
4454,3,0,1,1
4456,2,1,3,0
4457,2,1,0,0
4458,2,0,2,1
4459,2,1,3,0
4460,2,1,2,0
4461,2,0,1,0
4462,2,1,1,0
4463,2,1,1,1
4466,2,1,0,0
4469,2,0,1,0
4471,2,0,1,0
4473,3,1,2,1
4474,2,1,0,0
4477,2,0,2,0
4478,2,0,3,0
4479,3,1,3,1
4481,3,0,2,1
4482,2,1,1,0
4483,2,1,2,0
4484,3,0,1,1
4485,3,0,1,1
4486,3,0,1,1
4488,3,0,0,1
4490,3,1,2,1
4493,2,1,3,0
4495,3,0,3,0
4497,3,0,1,0
4498,3,0,1,1
4499,3,0,2,0
4502,2,1,0,0
4505,2,1,0,0
4507,2,1,0,0
4508,2,1,1,0
4511,3,1,1,0
4512,3,0,2,1
4513,3,0,1,1
4514,3,1,0,1
4517,2,1,3,1
4518,3,0,2,1
4519,3,1,0,1
4520,3,1,0,0
4521,3,0,2,1
4522,3,0,1,1
4524,3,0,1,1
4525,3,0,1,1
4526,3,0,1,1
4527,3,0,2,1
4528,3,1,2,1
4530,2,1,1,0
4531,3,1,2,1
4532,2,0,2,0
4534,3,1,2,1
4535,3,1,2,1
4536,3,0,0,1
4537,3,1,1,1
4539,3,1,1,1
4541,3,1,0,0
4542,3,0,1,0
4544,3,0,2,1
4545,3,0,2,1
4547,3,1,3,1
4549,3,0,0,0
4551,3,1,2,1
4553,3,1,0,1
4554,3,0,2,0
4555,3,1,3,0
4556,3,0,1,0
4558,3,0,2,1
4559,3,0,1,0
4561,3,1,2,0
4562,3,1,2,1
4563,3,1,3,0
4565,3,1,1,0
4567,3,0,1,1
4568,3,0,0,0
4569,3,1,1,0
4570,3,1,0,1
4572,3,0,2,1
4573,3,1,0,1
4574,3,0,0,0
4575,3,0,0,1
4576,3,0,0,1
4577,3,0,0,1
4578,3,1,2,0
4580,3,0,1,1
4581,3,0,1,0
4583,3,0,2,1
4584,3,1,3,1
4586,3,1,2,0
4588,3,1,0,0
4589,3,1,2,0
4590,0,1,2,1
4592,3,0,2,1
4595,3,1,2,0
4596,3,0,1,1
4597,3,0,1,1
4598,3,0,1,0
4600,3,0,1,0
4601,3,1,2,1
4602,3,0,3,1
4603,3,0,3,1
4604,3,0,1,1
4605,3,1,2,1
4606,3,0,1,0
4607,3,0,1,0
4609,3,0,0,0
4611,3,0,2,0
4613,3,0,3,1
4615,3,1,1,1
4617,3,1,1,1
4619,3,1,1,1
4622,3,0,2,1
4623,3,0,2,1
4624,3,0,1,1
4648,3,0,0,1
4650,3,0,2,1
4651,3,0,0,0
4654,3,0,2,0
4657,3,1,2,0
4659,3,1,0,1
4661,3,1,3,0
4663,3,1,0,0
4664,3,0,0,1
4665,3,0,1,0
4666,3,0,1,0
4667,3,0,0,0
4668,3,0,1,0
4669,3,1,2,1
4670,3,0,1,1
4671,3,0,2,0
4672,3,0,0,1
4673,3,0,1,0
4676,3,0,1,0
4678,3,0,1,0
4679,3,0,2,1
4680,3,0,3,0
4681,3,0,1,0
4682,3,1,2,0
4685,3,0,2,1
4688,3,1,2,1
4690,3,0,2,1
4691,3,0,2,1
4692,3,0,0,1
4693,3,1,3,0
4694,3,0,2,1
4695,3,0,2,1
4696,3,0,1,0
4697,3,0,0,0
4698,3,0,1,0
4699,3,0,1,0
4711,3,0,1,0
4712,3,0,1,0
4714,3,0,1,0
4717,3,0,2,0
4719,3,0,1,1
4721,3,0,0,1
4723,3,1,0,0
4724,3,1,0,0
4725,3,0,1,0
4726,3,0,0,0
4727,3,0,2,1
4728,3,1,2,0
4729,3,1,0,1
4730,3,1,0,1
4731,3,0,0,0
4732,3,0,2,1
4733,3,0,2,1
4734,3,1,1,1
4735,3,1,0,1
4738,3,1,0,1
4741,3,1,0,1
4744,3,1,0,1
4745,3,1,1,1
4746,3,1,1,1
4749,3,1,2,0
4751,3,1,0,1
4753,3,1,0,1
4755,3,1,0,0
4758,3,1,2,1
4759,3,1,2,0
4761,3,0,0,1
4762,3,0,0,1
4764,3,1,2,1
4765,3,0,1,1
4766,3,0,3,0
4769,3,0,1,1
4770,3,0,2,1
4777,3,0,0,1
4778,3,0,0,1
4780,3,1,2,1
4782,3,1,0,0
4784,3,0,2,1
4786,3,1,2,1
4788,3,0,2,1
4789,3,1,0,1
4791,3,0,0,1
4792,3,1,1,0
4793,3,1,3,0
4794,3,0,2,1
4795,3,1,2,0
4796,3,1,1,0
4797,3,0,2,0
4799,3,0,0,0
4801,3,1,3,0
4802,3,0,1,0
4803,3,1,2,0
4804,3,0,2,1
4805,3,0,2,1
4806,3,1,0,0
4809,3,0,1,1
4810,3,0,2,1
4812,3,0,2,0
4813,3,1,1,0
4814,3,0,2,0
4816,3,1,1,0
4818,3,1,3,1
4819,3,1,1,0
4822,3,1,1,0
4825,3,0,1,0
4828,3,1,1,1
4829,3,1,1,1
4833,3,1,0,1
4835,3,1,2,0
4836,3,1,1,0
4837,0,1,0,0
4838,3,0,2,0
4840,3,0,1,0
4841,3,0,1,0
4842,3,0,1,0
4843,3,0,0,0
4844,3,0,1,1
4845,3,1,0,1
4847,3,1,3,0
4848,3,1,3,1
4850,3,0,2,1
4851,3,1,2,1
4852,0,0,0,1
4853,3,0,2,1
4854,3,0,3,1
4855,0,0,2,0
4856,3,1,2,0
4858,3,0,1,1
4859,3,0,1,1
4860,3,1,2,1
4861,0,0,2,1
4863,3,0,1,1
4864,3,0,1,1
4865,3,1,2,1
4867,0,1,2,0
4869,0,0,3,1
4870,3,1,1,0
4871,3,0,1,0
4872,3,1,0,0
4873,3,1,2,0
4875,3,0,0,0
4877,3,0,1,0
4879,3,0,1,1
4881,3,1,2,0
4882,3,1,2,1
4883,3,1,2,1
4884,3,1,3,1
4885,0,0,3,1
4887,3,0,2,1
4889,3,0,2,1
4891,3,0,1,0
4893,3,1,1,0
4897,3,1,1,0
4902,3,1,2,0
4906,3,1,1,0
4909,3,0,0,1
4910,3,0,3,1
4911,3,1,1,0
4912,3,1,1,1
4915,3,1,2,0
4916,3,0,2,1
4919,3,1,1,0
4922,3,0,1,0
4925,3,0,1,0
4928,3,0,2,1
4929,3,1,2,1
4931,0,0,2,1
4933,3,1,0,0
4934,3,0,0,0
4935,3,0,2,1
4938,3,0,0,1
4939,3,0,2,0
4941,3,1,0,0
4943,3,0,1,0
4944,3,1,2,0
4945,3,0,1,0
4946,3,1,3,1
4947,0,1,0,1
4948,3,1,1,1
4951,3,1,0,0
4955,3,0,3,0
4959,3,1,1,0
4962,3,0,3,1
4963,0,0,3,1
4964,3,0,3,0
4965,3,1,1,1
4967,3,1,1,0
4969,3,0,0,1
4973,3,1,1,1
4976,3,1,0,1
4977,3,1,1,1
4978,3,1,1,1
4979,3,1,1,1
4981,3,0,1,0
4982,3,0,3,1
4983,3,1,2,0
4984,0,0,3,1
4987,3,0,1,1
4988,3,0,1,1
4989,3,1,0,1
4990,3,0,2,1
4991,3,1,2,0
4992,3,0,2,0
4993,0,0,1,0
4994,3,1,0,1
4995,3,1,1,1
4996,3,1,2,0
4997,3,1,0,0
4998,3,1,1,1
4999,3,1,1,1
5001,0,0,1,1
5005,3,0,2,1
5008,1,1,2,0
5009,3,0,0,1
5010,0,0,0,1
5011,0,1,2,1
5013,0,1,0,1
5015,0,0,2,1
5016,3,1,2,1
5017,0,0,0,1
5018,0,1,2,0
5022,3,0,2,0
5024,0,0,2,1
5025,0,0,1,1
5026,3,0,0,1
5027,3,0,1,0
5028,3,0,3,0
5031,0,0,2,1
5032,0,0,0,1
5033,0,0,0,1
5034,0,0,3,0
5035,0,0,0,1
5036,0,0,0,1
5038,3,1,2,0
5040,3,1,0,0
5041,3,1,0,0
5042,3,1,0,0
5044,3,1,0,0
5046,0,0,0,1
5048,0,0,3,1
5050,3,1,2,0
5052,0,0,3,1
5054,3,0,3,0
5056,0,0,2,0
5058,0,0,1,1
5060,0,1,0,1
5061,0,1,2,0
5062,0,0,0,1
5063,0,0,2,0
5064,0,1,1,1
5065,0,0,1,1
5066,0,0,0,0
5067,0,0,1,1
5068,0,0,1,1
5069,0,0,3,1
5071,0,0,1,1
5074,0,0,0,1
5076,0,1,2,1
5077,0,1,1,1
5078,0,1,1,1
5079,0,1,2,0
5080,0,1,0,0
5081,0,1,1,1
5085,0,0,2,1
5087,0,1,1,1
5089,0,1,0,0
5091,0,1,1,1
5092,0,1,0,0
5093,0,1,0,1
5094,0,1,0,1
5095,0,0,3,1
5096,0,0,2,1
5097,0,0,2,1
5099,0,0,1,0
5101,0,1,0,1
5102,0,0,2,0
5103,0,1,1,0
5104,0,1,2,0
5105,0,1,2,0
5106,0,1,2,1
5107,0,0,0,1
5110,0,0,1,0
5111,0,0,1,0
5113,0,0,1,0
5116,0,1,0,0
5119,0,0,2,0
5121,0,1,0,1
5124,0,1,0,1
5128,0,1,3,0
5131,0,1,1,0
5132,0,1,2,1
5133,0,1,1,1
5134,0,1,0,1
5135,0,1,1,0
5136,0,1,1,0
5137,0,1,1,1
5138,0,1,1,1
5141,0,1,3,0
5144,0,1,0,1
5147,0,1,0,1
5150,0,1,0,1
5153,0,1,0,0
5156,0,1,1,0
5159,0,0,0,1
5164,0,1,2,0
5168,0,0,0,1
5172,0,1,1,1
5176,0,1,2,0
5177,0,1,3,0
5180,0,1,0,0
5185,0,1,1,1
5188,0,0,2,1
5191,0,1,1,0
5192,0,0,1,1
5193,0,1,2,1
5194,0,0,1,1
5195,0,1,2,1
5196,0,1,2,1
5197,0,0,1,0
5198,0,0,2,1
5199,0,1,3,1
5200,0,1,1,1
5201,0,1,3,0
5202,0,1,2,0
5203,0,0,1,1
5204,0,0,1,0
5205,0,0,1,0
5207,0,0,1,0
5211,0,1,3,0
5214,0,1,0,1
5217,0,0,0,1
5221,0,1,2,1
5224,0,0,2,1
5226,0,0,2,0
5227,0,1,1,0
5228,0,1,2,0
5229,0,1,2,1
5230,0,0,2,0
5231,0,1,1,0
5232,0,1,1,0
5233,0,0,2,0
5234,0,1,3,0
5235,0,1,3,1
5236,0,0,2,1
5237,0,0,2,1
5238,0,1,1,1
5239,0,1,2,1
5243,0,1,2,1
5247,0,1,2,1
5253,0,1,0,0
5256,0,1,2,1
5257,0,1,0,0
5259,0,1,1,1
5260,0,1,1,1
5262,0,1,2,1
5263,0,1,0,1
5265,0,0,2,1
5269,0,0,2,1
5273,0,1,2,0
5275,0,1,3,1
5277,0,0,0,0
5278,0,0,0,1
5279,0,0,0,1
5282,1,1,3,1
5283,0,1,2,1
5284,1,0,2,1
5286,0,1,2,1
5287,0,0,2,1
5288,0,0,3,1
5289,0,0,0,1
5290,1,0,1,1
5291,1,0,1,0
5293,1,0,1,0
5294,2,0,0,1
5295,0,1,2,1
5298,0,1,2,1
5299,0,1,0,0
5300,0,1,2,1
5301,0,1,0,0
5302,0,1,2,1
5303,0,0,0,1
5304,0,0,1,1
5305,0,0,0,1
5306,0,1,0,1
5307,0,0,1,1
5308,0,0,1,1
5309,0,1,2,0
5310,0,1,1,1
5311,0,0,1,1
5312,0,0,0,0
5313,0,0,2,0
5315,0,1,0,0
5317,0,0,3,1
5318,0,1,0,1
5321,0,1,0,1
5322,0,1,0,1
5323,0,1,1,1
5324,0,1,0,1
5325,0,1,2,0
5326,0,1,1,1
5327,0,1,1,1
5332,1,0,0,0
5333,0,1,2,1
5336,0,0,3,1
5338,0,1,2,0
5339,0,0,0,1
5341,1,0,2,0
5342,0,1,1,1
5345,0,0,2,1
5348,0,0,3,1
5349,0,1,3,0
5351,0,1,2,1
5353,0,1,1,1
5355,0,1,1,0
5356,0,0,0,1
5360,0,1,0,1
5361,0,0,1,0
5363,0,1,0,1
5365,0,0,1,1
5367,0,0,1,1
5369,0,1,3,1
5371,0,1,2,0
5373,0,1,1,1
5375,0,1,3,0
5376,0,0,2,0
5378,0,1,0,0
5379,1,1,2,0
5382,1,0,3,1
5385,0,0,1,0
5388,0,0,0,0
5390,0,1,3,1
5391,0,0,1,1
5392,0,0,1,1
5393,0,1,2,0
5394,0,1,0,0
5395,0,1,0,0
5399,0,1,1,0
5400,0,1,0,0
5401,0,1,0,0
5402,0,0,2,0
5403,0,0,1,0
5404,0,0,1,0
5405,0,0,1,0
5407,0,0,2,1
5408,0,1,0,1
5409,0,1,3,0
5410,0,1,2,1
5412,0,0,0,1
5413,0,0,0,1
5414,0,1,2,0
5415,0,1,1,0
5416,0,0,0,1
5417,1,0,2,1
5419,0,0,2,0
5422,0,0,1,0
5423,0,0,1,0
5426,0,1,0,0
5427,0,1,0,0
5428,1,1,2,1
5429,0,1,2,1
5430,0,1,0,1
5431,0,1,1,0
5432,0,0,3,0
5433,0,1,3,0
5434,0,0,2,1
5435,0,1,3,0
5436,0,0,1,0
5437,0,1,0,0
5438,0,1,1,0
5440,0,0,2,1
5441,1,0,2,1
5443,0,0,1,0
5444,0,0,1,0
5445,0,0,1,0
5446,0,0,1,0
5448,0,1,0,0
5449,0,0,2,1
5450,0,1,1,0
5451,0,0,1,0
5452,0,0,1,0
5453,0,0,1,0
5454,0,0,0,1
5455,0,1,0,0
5456,0,1,1,0
5457,0,1,1,0
5458,0,1,1,1
5460,0,0,2,1
5463,0,0,1,1
5466,2,0,0,0
5467,0,1,2,0
5468,1,0,3,1
5469,0,1,0,0
5471,0,1,0,1
5473,0,0,1,0
5474,0,0,1,0
5475,0,0,1,0
5476,1,1,2,1
5480,0,1,2,1
5483,0,1,1,0
5486,0,1,2,1
5487,0,1,2,0
5488,1,1,2,1
5489,0,0,3,0
5490,0,0,0,0
5491,0,0,1,0
5493,0,0,2,0
5496,0,0,1,0
5498,0,0,1,0
5499,0,0,1,0
5500,0,0,1,0
5501,0,0,1,0
5502,0,0,0,0
5504,0,0,1,0
5506,0,1,3,0
5509,0,0,1,1
5510,0,0,2,0
5513,0,1,1,0
5516,0,1,0,0
5519,0,1,1,0
5521,0,1,0,0
5522,0,1,0,0
5523,1,0,2,1
5524,0,0,0,0
5525,0,0,0,0
5526,0,0,0,0
5530,1,1,0,1
5532,0,0,3,0
5533,1,0,3,1
5534,0,0,0,1
5535,0,0,0,1
5536,0,0,0,1
5538,1,1,3,1
5540,0,1,3,0
5542,1,0,2,1
5544,0,0,2,0
5546,1,0,2,1
5548,0,0,1,0
5550,0,0,1,0
5553,1,1,3,1
5555,0,1,2,0
5557,0,1,3,0
5558,0,1,1,0
5559,0,1,3,0
5560,0,1,1,0
5562,1,0,2,1
5563,0,1,1,0
5564,0,1,2,0
5565,1,1,2,0
5566,1,1,2,1
5567,1,1,1,1
5568,1,1,1,1
5569,1,1,2,1
5570,1,1,1,1
5572,1,1,2,1
5575,1,0,2,1
5576,0,1,2,0
5577,0,1,2,0
5578,0,1,0,0
5579,0,1,1,0
5581,0,1,1,0
5582,0,1,1,0
5583,0,1,1,0
5584,1,1,0,1
5588,1,1,2,1
5589,1,1,0,1
5590,0,1,2,1
5591,0,1,0,0
5592,0,1,3,0
5593,0,1,2,0
5596,1,1,2,1
5599,1,1,2,1
5601,1,0,0,1
5603,1,0,1,0
5605,1,0,3,0
5608,1,1,1,0
5609,1,0,1,0
5610,1,0,1,0
5611,1,1,0,0
5612,1,1,2,0
5615,1,1,0,0
5617,1,0,2,1
5620,1,0,1,1
5622,1,1,2,1
5624,1,1,1,0
5627,1,1,1,1
5629,1,0,3,1
5631,1,0,1,0
5633,1,0,0,0
5635,1,1,2,0
5636,1,0,1,0
5637,2,1,3,0
5639,1,1,1,1
5641,1,1,1,1
5642,1,1,1,1
5643,1,1,1,1
5644,1,1,1,1
5645,1,1,1,1
5646,1,0,2,0
5647,1,1,1,1
5648,1,1,1,1
5649,1,1,1,1
5650,1,0,1,0
5651,1,0,3,0
5652,1,0,1,0
5653,1,0,3,0
5654,1,0,1,0
5655,1,0,1,0
5657,1,0,1,0
5658,1,0,1,0
5659,1,0,2,1
5660,1,0,0,1
5661,1,0,0,1
5662,1,1,2,1
5663,1,1,0,1
5664,1,0,2,1
5666,1,1,0,0
5668,1,0,0,0
5669,1,0,1,0
5670,1,1,1,1
5672,1,0,2,1
5674,1,0,3,1
5676,1,0,1,0
5679,1,1,2,0
5680,1,0,2,0
5681,1,0,1,0
5682,1,0,1,0
5683,1,0,1,0
5684,1,0,1,0
5685,1,0,0,0
5686,1,1,1,1
5688,1,1,1,1
5689,1,1,1,1
5690,1,0,0,1
5692,1,1,2,1
5693,1,0,1,0
5695,1,0,1,0
5697,1,1,2,1
5698,1,0,1,1
5699,1,0,1,1
5700,1,0,1,0
5702,1,0,0,0
5706,1,0,1,0
5708,1,1,0,0
5710,1,1,2,0
5712,1,1,2,0
5714,1,0,2,1
5715,2,0,2,1
5720,1,1,0,1
5725,1,0,1,0
5726,1,0,1,0
5727,1,0,1,0
5728,1,0,0,0
5729,1,1,0,1
5730,1,1,0,1
5731,1,0,2,0
5736,1,0,0,0
5740,1,1,0,1
5742,1,0,2,0
5743,1,1,3,1
5744,1,0,3,1
5745,1,0,2,0
5748,1,0,2,1
5750,1,0,1,0
5751,1,0,0,0
5752,1,0,0,1
5753,1,1,0,1
5755,1,0,2,0
5756,1,0,2,0
5757,1,0,2,0
5759,1,0,0,1
5760,1,1,1,1
5764,1,0,1,1
5765,1,0,3,1
5766,1,0,3,1
5768,1,0,1,0
5772,1,0,1,0
5773,1,1,2,1
5774,1,1,2,1
5775,1,1,2,1
5777,1,1,0,0
5778,1,0,0,1
5780,1,0,1,0
5782,1,0,1,0
5783,1,0,1,0
5785,1,1,3,1
5786,1,1,2,0
5787,1,0,2,1
5788,1,0,3,0
5790,1,0,1,0
5791,1,0,1,0
5792,1,1,2,0
5793,1,0,2,1
5794,1,1,3,1
5796,1,0,1,0
5797,1,1,2,1
5798,1,0,1,0
5799,1,0,1,0
5800,1,0,1,0
5801,1,0,1,0
5803,1,1,0,1
5805,1,1,0,1
5808,1,0,1,0
5809,1,0,1,0
5811,1,0,1,0
5812,1,1,3,1
5813,1,0,0,1
5814,1,0,0,1
5815,1,0,0,1
5817,1,0,0,1
5818,1,1,0,1
5819,1,1,2,1
5820,1,0,1,1
5821,1,0,0,1
5822,1,0,0,1
5823,1,0,1,1
5825,1,1,2,0
5828,1,0,0,1
5831,1,1,1,1
5833,1,0,0,1
5836,1,1,0,0
5839,1,0,1,0
5840,1,0,1,0
5841,1,0,2,1
5845,1,0,1,0
5847,1,0,3,1
5850,1,0,3,1
5852,1,1,2,1
5856,1,0,2,1
5857,1,0,2,1
5858,1,0,2,1
5862,1,0,1,1
5864,1,0,1,1
5865,1,0,1,1
5866,1,0,1,1
5867,1,0,1,0
5868,1,0,2,0
5869,1,1,2,0
5870,1,0,2,0
5871,1,0,1,0
5873,1,0,1,0
5875,1,0,1,1
5876,1,0,1,1
5878,1,1,2,0
5879,1,1,2,1
5880,1,0,1,0
5882,1,0,2,0
5884,1,0,2,1
5885,1,0,1,1
5886,1,0,1,0
5888,1,0,2,0
5890,1,0,1,0
5893,1,0,1,0
5894,1,1,1,0
5895,1,1,1,0
5898,1,1,0,0
5899,1,0,0,0
5900,1,0,0,0
5901,1,0,1,0
5902,1,0,1,0
5903,1,0,3,0
5904,1,0,0,0
5905,1,0,2,1
5906,1,0,2,1
5909,1,0,2,1
5912,1,0,2,1
5913,1,1,0,0
5916,1,0,2,1
5918,1,1,3,0
5919,1,1,1,0
5920,1,0,3,1
5921,1,0,3,1
5922,1,1,2,1
5923,1,1,2,0
5924,1,0,1,1
5925,1,0,0,1
5927,1,0,2,0
5929,1,1,3,0
5930,1,1,0,0
5931,1,1,1,1
5933,1,1,0,0
5935,1,1,3,0
5936,1,1,1,0
5938,1,0,1,0
5940,1,0,1,0
5941,1,1,1,1
5942,1,0,1,0
5943,1,0,1,0
5944,1,0,0,0
5945,1,0,1,0
5947,1,0,1,0
5948,1,0,1,0
5950,1,0,2,0
5951,1,0,1,0
5955,1,0,1,0
5956,1,0,1,0
5957,1,0,1,0
5958,1,1,3,0
5959,1,1,2,1
5960,1,1,2,1
5961,1,0,2,1
5962,1,0,2,1
5963,1,1,2,0
5968,2,0,2,0
5969,1,0,2,1
5971,1,0,0,1
5973,1,0,0,0
5975,1,0,0,0
5976,1,0,1,0
5977,1,0,1,1
5978,1,0,1,1
5980,1,0,1,1
5982,1,0,1,1
5983,1,0,0,0
5984,1,0,1,1
5985,1,1,0,0
5986,2,1,2,1
5987,1,1,2,1
5988,1,0,1,0
5990,1,0,2,0
5992,1,0,1,0
5993,1,1,1,1
5996,1,1,0,1
5999,1,1,3,1
6001,1,0,2,1
6002,1,0,2,1
6004,1,1,0,1
6006,1,0,1,1
6008,1,0,1,0
6010,1,0,1,0
6012,1,0,1,0
6014,1,0,3,0
6016,1,0,1,0
6017,1,0,2,1
6018,2,1,2,1
6019,1,1,0,1
6020,1,0,2,1
6021,1,0,1,0
6023,1,0,1,0
6024,1,1,0,1
6025,1,1,0,1
6026,1,0,0,1
6027,1,0,0,0
6028,1,0,0,0
6029,1,1,0,1
6030,1,1,2,1
6031,1,1,2,1
6032,1,0,0,1
6033,1,0,2,1
6034,2,0,2,1
6038,1,1,1,0
6040,1,1,2,0
6041,1,0,1,0
6042,2,0,0,1
6043,1,0,2,1
6044,1,0,2,0
6048,1,1,3,1
6049,1,1,3,0
6050,1,1,3,1
6051,1,1,1,1
6052,1,1,1,1
6053,1,1,1,1
6054,1,0,1,0
6055,1,0,1,0
6056,1,0,1,0
6057,1,0,1,0
6058,1,1,0,0
6059,1,0,0,1
6060,1,0,1,1
6061,1,1,1,1
6064,1,0,1,0
6065,1,0,2,0
6066,1,0,1,0
6067,1,1,0,1
6068,1,1,3,0
6069,1,1,2,0
6070,1,0,2,1
6071,1,0,2,0
6072,1,1,0,0
6073,1,1,3,1
6074,1,1,2,0
6075,1,0,1,1
6077,1,1,1,0
6080,1,0,3,1
6081,1,0,2,1
6083,1,1,1,1
6084,1,0,1,0
6085,1,1,0,0
6086,1,1,0,0
6088,1,0,1,0
6090,1,1,2,0
6091,2,0,3,1
6092,1,0,2,0
6093,1,0,0,1
6094,1,0,2,0
6095,1,0,0,1
6096,1,0,1,0
6097,1,0,1,0
6098,1,0,0,0
6099,1,0,1,0
6100,1,0,1,0
6102,1,0,1,0
6103,1,1,2,1
6104,1,0,0,1
6105,1,0,3,0
6107,2,1,2,1
6109,1,0,2,1
6111,1,0,1,1
6112,2,0,2,1
6113,1,0,1,0
6114,1,0,1,1
6115,1,0,1,1
6116,1,0,1,0
6117,1,0,1,0
6118,1,0,1,0
6119,1,0,1,0
6120,1,0,1,0
6121,1,0,1,1
6122,1,1,1,1
6124,1,0,1,1
6125,1,0,1,0
6126,1,0,1,0
6127,1,0,1,0
6128,2,0,2,1
6130,1,1,1,0
6132,1,0,1,0
6133,1,0,1,0
6135,1,0,3,0
6136,1,0,2,0
6137,1,0,1,0
6138,1,0,1,0
6139,1,0,1,0
6140,1,0,1,0
6141,1,0,1,1
6142,1,0,1,1
6143,1,0,1,1
6144,1,0,1,1
6146,1,1,2,0
6150,1,0,0,0
6151,1,0,0,0
6152,1,0,0,0
6153,1,0,0,0
6154,1,0,1,1
6155,1,0,2,0
6156,1,0,1,0
6157,1,0,1,0
6158,1,0,0,0
6159,1,0,1,0
6161,1,0,0,0
6162,1,0,3,0
6163,1,0,3,0
6168,2,0,2,1
6169,1,0,1,0
6170,1,0,1,0
6172,1,0,1,0
6173,1,0,1,0
6174,1,0,1,0
6175,1,0,1,0
6176,1,1,0,0
6177,2,1,0,1
6179,1,0,2,0
6181,1,0,1,1
6182,1,1,0,1
6184,1,0,2,1
6185,1,0,3,0
6187,1,1,1,1
6189,1,0,1,0
6190,1,0,0,0
6192,1,0,0,0
6193,1,1,0,1
6194,1,0,1,1
6195,1,0,1,0
6197,1,1,1,0
6198,1,1,2,0
6199,1,0,1,0
6200,1,0,1,0
6201,1,0,2,1
6202,1,1,3,0
6204,1,1,2,0
6205,1,1,3,1
6206,1,1,1,0
6207,1,1,2,0
6208,1,0,2,1
6209,1,0,0,0
6210,2,0,2,1
6211,1,0,0,1
6212,1,1,2,1
6214,1,1,1,1
6216,1,1,1,0
6217,1,1,1,1
6218,2,1,0,1
6219,2,1,2,1
6220,2,0,2,1
6222,1,0,1,1
6223,1,0,1,1
6224,2,0,1,0
6225,2,0,1,1
6226,2,0,1,0
6227,2,0,1,0
6229,1,1,0,0
6230,1,1,0,0
6231,1,0,0,1
6232,1,1,0,0
6233,1,1,2,1
6234,1,1,2,1
6250,1,1,2,0
6253,1,1,2,1
6254,1,1,2,0
6255,1,1,0,0
6256,1,1,0,0
6257,1,1,0,0
6258,1,1,0,0
6259,1,1,0,0
6260,1,1,0,0
6261,1,1,0,0
6263,2,1,2,1
6265,1,1,3,1
6266,2,0,2,1
6268,2,0,2,1
6269,1,0,1,1
6270,1,0,1,1
6272,1,0,0,0
6273,1,0,1,0
6279,1,1,2,0
6281,1,0,2,1
6282,1,0,2,1
6283,1,0,2,1
6284,1,0,1,0
6286,1,0,1,0
6287,1,1,3,0
6289,1,0,0,0
6291,1,0,0,0
6293,1,1,2,1
6294,1,1,3,0
6296,1,1,1,0
6298,2,0,1,1
6300,2,0,2,1
6301,1,0,0,1
6302,1,0,0,1
6303,1,0,0,1
6304,1,1,1,1
6307,1,0,0,0
6308,1,0,1,0
6309,2,0,2,1
6310,1,1,1,0
6312,1,1,1,1
6314,1,0,3,1
6316,2,0,2,0
6318,1,1,0,1
6319,1,0,1,0
6321,1,0,0,0
6323,2,1,2,1
6324,2,1,2,1
6325,1,1,2,0
6326,1,0,0,0
6329,1,0,1,1
6330,2,0,1,1
6331,1,0,1,0
6332,1,0,1,0
6334,1,0,1,0
6336,1,0,1,0
6338,2,0,1,1
6340,1,0,2,1
6342,1,0,1,1
6343,1,0,1,1
6344,1,1,1,0
6345,1,0,2,0
6346,1,0,2,0
6350,1,0,0,0
6351,1,1,1,0
6352,1,0,1,0
6353,1,1,2,0
6354,1,0,1,0
6355,1,0,1,0
6356,1,0,2,1
6358,1,0,1,0
6359,2,0,1,0
6360,2,0,1,1
6361,2,0,1,1
6362,1,0,2,1
6363,1,0,0,1
6365,1,0,0,0
6367,1,1,0,1
6369,1,1,0,1
6370,1,1,1,1
6371,2,0,1,0
6372,2,0,0,1
6373,2,0,0,1
6377,2,0,1,0
6381,2,0,1,1
6385,2,0,1,1
6388,1,0,0,0
6389,1,0,0,0
6390,1,0,0,0
6391,2,0,1,1
6392,1,1,2,0
6394,2,1,3,0
6395,2,0,0,1
6397,1,0,1,0
6398,2,0,0,1
6399,2,0,0,1
6400,2,0,0,1
6402,2,0,1,0
6404,1,0,2,0
6406,2,0,0,1
6408,1,0,1,0
6410,1,0,1,0
6411,1,1,1,1
6412,2,1,1,1
6413,1,1,1,1
6415,1,0,1,0
6416,1,0,1,0
6417,1,1,1,1
6418,2,0,3,1
6419,2,0,1,0
6421,2,0,1,0
6422,2,0,1,0
6423,2,0,1,0
6426,1,1,2,1
6427,2,0,1,0
6428,2,1,3,1
6429,2,0,3,0
6430,1,0,2,0
6431,1,1,2,0
6432,1,1,1,0
6433,2,0,2,1
6434,2,0,1,1
6436,2,0,1,1
6438,2,0,1,0
6439,2,1,0,0
6443,2,0,2,1
6448,1,1,2,0
6449,2,1,2,1
6450,2,1,2,1
6451,1,0,3,0
6453,1,0,3,0
6455,2,0,1,1
6457,2,0,2,1
6459,2,1,3,1
6460,2,0,0,1
6461,2,1,1,1
6462,2,0,2,0
6463,2,0,1,0
6464,2,1,0,0
6465,2,0,3,0
6466,2,0,3,0
6467,2,0,2,1
6468,2,1,0,1
6469,2,0,0,0
6471,2,0,2,1
6474,2,0,3,0
6476,2,0,3,0
6478,2,0,3,0
6481,2,0,1,0
6483,2,0,2,1
6484,2,1,2,1
6485,2,1,3,1
6487,2,0,0,0
6489,2,0,0,0
6491,2,1,1,1
6493,2,1,2,0
6495,2,0,1,0
6497,2,1,1,1
6499,2,1,0,1
6501,2,1,0,1
6503,2,1,0,1
6504,2,1,1,1
6505,2,0,0,0
6506,2,0,0,0
6508,2,1,1,1
6509,2,1,1,1
6510,2,1,1,1
6511,2,1,1,1
6512,2,0,1,0
6513,2,0,1,1
6515,2,1,0,1
6516,2,0,3,1
6517,2,0,3,1
6518,2,1,0,0
6519,2,0,1,0
6521,2,1,3,0
6522,2,0,0,0
6524,2,1,2,0
6525,2,0,0,0
6526,2,0,0,0
6527,2,0,1,0
6528,2,0,1,0
6530,2,1,1,0
6532,2,1,2,1
6535,2,0,1,0
6536,2,1,1,1
6537,2,0,2,1
6538,2,0,1,0
6539,2,1,1,0
6541,2,1,0,1
6542,2,1,1,1
6543,2,1,1,0
6544,2,1,1,1
6545,2,1,1,1
6546,2,1,2,0
6547,2,1,1,0
6548,2,1,0,0
6549,2,0,2,0
6550,2,0,1,1
6551,2,0,2,1
6552,2,0,0,0
6553,2,0,0,0
6555,2,0,2,1
6557,2,0,2,1
6558,2,0,0,1
6559,2,0,1,1
6560,2,1,0,0
6561,2,0,3,1
6562,2,0,3,1
6563,2,0,3,1
6564,2,0,3,1
6565,2,0,1,0
6566,2,0,1,0
6567,2,1,2,1
6568,2,0,2,1
6570,2,0,0,1
6572,2,0,0,0
6574,2,0,0,0
6576,2,0,0,0
6578,2,0,0,0
6579,2,0,2,0
6581,2,1,0,0
6582,2,0,1,0
6584,2,0,1,1
6585,2,1,2,1
6586,2,1,2,1
6588,2,0,1,1
6589,2,0,1,1
6590,2,0,1,1
6592,2,0,2,1
6593,2,1,1,1
6595,2,0,3,0
6596,2,0,3,0
6609,2,0,2,0
6610,2,0,1,0
6611,2,0,2,0
6612,2,0,2,0
6613,2,0,2,0
6614,2,0,2,0
6615,2,1,1,0
6616,2,1,3,0
6618,2,0,2,0
6619,2,0,2,0
6620,2,0,2,0
6623,2,0,2,0
6624,2,1,0,1
6625,2,1,0,1
6626,2,0,0,0
6630,2,0,1,1
6632,2,1,0,1
6633,2,1,0,0
6634,2,1,2,1
6635,2,1,1,0
6636,2,0,3,0
6637,2,1,2,1
6638,2,0,1,0
6640,2,0,1,0
6641,2,0,1,0
6642,2,0,1,0
6643,2,1,0,0
6644,2,0,3,0
6646,2,0,0,0
6648,2,0,0,0
6650,2,0,2,0
6652,2,0,0,0
6653,2,0,0,0
6654,2,0,2,0
6655,2,1,3,0
6656,2,0,3,0
6657,2,0,0,0
6659,2,0,0,0
6660,2,0,0,0
6661,2,1,1,0
6663,2,1,1,0
6664,2,0,0,0
6665,2,0,0,0
6666,2,0,0,0
6667,2,0,0,0
6668,2,0,0,0
6669,2,1,2,0
6670,2,0,3,0
6671,2,0,0,1
6672,2,0,1,1
6673,2,0,1,1
6675,2,1,0,0
6677,4,2,4,2
6678,4,2,4,2
6679,4,2,4,2
6680,4,2,4,2
6682,4,2,4,2
6684,4,2,4,2
6686,4,2,4,2
6687,4,2,4,2
6688,4,2,4,2
6690,4,2,4,2
6692,4,2,4,2
6693,4,2,4,2
6694,4,2,4,2
6695,4,2,4,2
6697,4,2,4,2
6699,4,2,4,2
6701,4,2,4,2
6702,4,2,4,2
6703,4,2,4,2
6704,4,2,4,2
6705,4,2,4,2
6706,4,2,4,2
6707,4,2,4,2
6708,4,2,4,2
6709,4,2,4,2
6711,4,2,4,2
6712,4,2,4,2
6713,4,2,4,2
6714,4,2,4,2
6716,4,2,4,2
6717,4,2,4,2
6718,4,2,4,2
6719,4,2,4,2
6721,4,2,4,2
6722,4,2,4,2
6724,4,2,4,2
6726,4,2,4,2
6728,4,2,4,2
6729,4,2,4,2
6731,4,2,4,2
6733,4,2,4,2
6734,4,2,4,2
6737,4,2,4,2
6739,4,2,4,2
6741,4,2,4,2
6743,4,2,4,2
6744,4,2,4,2
6745,4,2,4,2
6746,4,2,4,2
6747,4,2,4,2
6748,4,2,4,2
6749,4,2,4,2
6750,4,2,4,2
6751,4,2,4,2
6754,4,2,4,2
6755,4,2,4,2
6757,4,2,4,2
6760,4,2,4,2
6761,4,2,4,2
6763,4,2,4,2
6765,4,2,4,2
6769,4,2,4,2
6771,4,2,4,2
6773,4,2,4,2
6776,4,2,4,2
6785,4,2,4,2
6786,4,2,4,2
6787,4,2,4,2
6788,4,2,4,2
6789,4,2,4,2
6790,4,2,4,2
6791,4,2,4,2
6792,4,2,4,2
6794,4,2,4,2
6795,4,2,4,2
6796,4,2,4,2
6797,4,2,4,2
6798,4,2,4,2
6799,4,2,4,2
6801,4,2,4,2
6802,4,2,4,2
6803,4,2,4,2
6804,4,2,4,2
6806,4,2,4,2
6807,4,2,4,2
6808,4,2,4,2
6809,4,2,4,2
6810,4,2,4,2
6813,4,2,4,2
6815,4,2,4,2
6817,4,2,4,2
6819,4,2,4,2
6821,4,2,4,2
6823,4,2,4,2
6824,4,2,4,2
6826,4,2,4,2
6827,4,2,4,2
6828,4,2,4,2
6830,4,2,4,2
6831,4,2,4,2
6834,4,2,4,2
6835,4,2,4,2
6836,4,2,4,2
6837,4,2,4,2
6838,4,2,4,2
6839,4,2,4,2
6841,4,2,4,2
6842,4,2,4,2
6843,4,2,4,2
6846,4,2,4,2
6847,4,2,4,2
6848,4,2,4,2
6850,4,2,4,2
6851,4,2,4,2
6853,4,2,4,2
6854,4,2,4,2
6855,4,2,4,2
6856,4,2,4,2
6857,4,2,4,2
6858,4,2,4,2
6861,4,2,4,2
6863,4,2,4,2
6864,4,2,4,2
6866,4,2,4,2
6867,4,2,4,2
6869,4,2,4,2
6871,4,2,4,2
6873,4,2,4,2
6874,4,2,4,2
6875,4,2,4,2
6876,4,2,4,2
6878,4,2,4,2
6879,4,2,4,2
6880,4,2,4,2
6881,4,2,4,2
6882,4,2,4,2
6884,4,2,4,2
6886,4,2,4,2
6887,4,2,4,2
6888,4,2,4,2
6890,4,2,4,2
6893,4,2,4,2
6894,4,2,4,2
6895,4,2,4,2
6896,4,2,4,2
6899,4,2,4,2
6901,4,2,4,2
6902,4,2,4,2
6903,4,2,4,2
6904,4,2,4,2
6905,4,2,4,2
6906,4,2,4,2
6907,4,2,4,2
6908,4,2,4,2
6910,4,2,4,2
6911,4,2,4,2
6912,4,2,4,2
6913,4,2,4,2
6914,4,2,4,2
6915,4,2,4,2
6916,4,2,4,2
6917,4,2,4,2
6919,4,2,4,2
6920,4,2,4,2
6922,4,2,4,2
6923,4,2,4,2
6925,4,2,4,2
6926,4,2,4,2
6927,4,2,4,2
6928,4,2,4,2
6929,4,2,4,2
6930,4,2,4,2
6931,4,2,4,2
6932,4,2,4,2
6933,4,2,4,2
6934,4,2,4,2
6935,4,2,4,2
6936,4,2,4,2
6937,4,2,4,2
6938,4,2,4,2
6939,4,2,4,2
6940,4,2,4,2
6941,4,2,4,2
6943,4,2,4,2
6944,4,2,4,2
6945,4,2,4,2
6946,4,2,4,2
6947,4,2,4,2
6948,4,2,4,2
6949,4,2,4,2
6951,4,2,4,2
6952,4,2,4,2
6953,4,2,4,2
6954,4,2,4,2
6955,4,2,4,2
6957,4,2,4,2
6958,4,2,4,2
6959,4,2,4,2
6961,4,2,4,2
6963,4,2,4,2
6964,4,2,4,2
6965,4,2,4,2
6966,4,2,4,2
6967,4,2,4,2
6968,4,2,4,2
6969,4,2,4,2
6970,4,2,4,2
6972,4,2,4,2
6973,4,2,4,2
6974,4,2,4,2
6975,4,2,4,2
6977,4,2,4,2
6978,4,2,4,2
6979,4,2,4,2
6980,4,2,4,2
6981,4,2,4,2
6982,4,2,4,2
6984,4,2,4,2
6985,4,2,4,2
6987,4,2,4,2
6988,4,2,4,2
6989,4,2,4,2
6990,4,2,4,2
6991,4,2,4,2
6992,4,2,4,2
6996,4,2,4,2
6997,4,2,4,2
6998,4,2,4,2
6999,4,2,4,2
7001,4,2,4,2
7003,4,2,4,2
7013,4,2,4,2
7014,4,2,4,2
7015,4,2,4,2
7016,4,2,4,2
7021,4,2,4,2
7022,4,2,4,2
7023,4,2,4,2
7025,4,2,4,2
7026,4,2,4,2
7027,4,2,4,2
7028,4,2,4,2
7029,4,2,4,2
7030,4,2,4,2
7031,4,2,4,2
7032,4,2,4,2
7034,4,2,4,2
7035,4,2,4,2
7036,4,2,4,2
7039,4,2,4,2
7040,4,2,4,2
7041,4,2,4,2
7043,4,2,4,2
7047,4,2,4,2
7051,4,2,4,2
7055,4,2,4,2
7059,4,2,4,2
7063,4,2,4,2
7064,4,2,4,2
7065,4,2,4,2
7066,4,2,4,2
7068,4,2,4,2
7069,4,2,4,2
7070,4,2,4,2
7071,4,2,4,2
7072,4,2,4,2
7073,4,2,4,2
7074,4,2,4,2
7075,4,2,4,2
7076,4,2,4,2
7077,4,2,4,2
7078,4,2,4,2
7080,4,2,4,2
7081,4,2,4,2
7082,4,2,4,2
7086,4,2,4,2
7087,4,2,4,2
7088,4,2,4,2
7089,4,2,4,2
7090,4,2,4,2
7092,4,2,4,2
7093,4,2,4,2
7095,4,2,4,2
7096,4,2,4,2
7098,4,2,4,2
7099,4,2,4,2
7102,4,2,4,2
7105,4,2,4,2
7108,4,2,4,2
7112,4,2,4,2
7116,4,2,4,2
7119,4,2,4,2
7122,4,2,4,2
7125,4,2,4,2
7126,4,2,4,2
7128,4,2,4,2
7129,4,2,4,2
7130,4,2,4,2
7131,4,2,4,2
7132,4,2,4,2
7133,4,2,4,2
7134,4,2,4,2
7135,4,2,4,2
7136,4,2,4,2
7137,4,2,4,2
7138,4,2,4,2
7139,4,2,4,2
7140,4,2,4,2
7141,4,2,4,2
7142,4,2,4,2
7143,4,2,4,2
7144,4,2,4,2
7145,4,2,4,2
7146,4,2,4,2
7147,4,2,4,2
7148,4,2,4,2
7149,4,2,4,2
7150,4,2,4,2
7151,4,2,4,2
7153,4,2,4,2
7155,4,2,4,2
7156,4,2,4,2
7157,4,2,4,2
7158,4,2,4,2
7161,4,2,4,2
7162,4,2,4,2
7163,4,2,4,2
7166,4,2,4,2
7167,4,2,4,2
7168,4,2,4,2
7170,4,2,4,2
7171,4,2,4,2
7172,4,2,4,2
7173,4,2,4,2
7174,4,2,4,2
7176,4,2,4,2
7177,4,2,4,2
7179,4,2,4,2
7180,4,2,4,2
7184,4,2,4,2
7185,4,2,4,2
7187,4,2,4,2
7190,4,2,4,2
7191,4,2,4,2
7194,4,2,4,2
7195,4,2,4,2
7198,4,2,4,2
7199,4,2,4,2
7200,4,2,4,2
7201,4,2,4,2
7202,4,2,4,2
7204,4,2,4,2
7205,4,2,4,2
7206,4,2,4,2
7207,4,2,4,2
7209,4,2,4,2
7211,4,2,4,2
7213,4,2,4,2
7214,4,2,4,2
7216,4,2,4,2
7217,4,2,4,2
7218,4,2,4,2
7219,4,2,4,2
7220,4,2,4,2
7221,4,2,4,2
7222,4,2,4,2
7224,4,2,4,2
7226,4,2,4,2
7227,4,2,4,2
7229,4,2,4,2
7230,4,2,4,2
7232,4,2,4,2
7233,4,2,4,2
7234,4,2,4,2
7236,4,2,4,2
7238,4,2,4,2
7239,4,2,4,2
7240,4,2,4,2
7243,4,2,4,2
7245,4,2,4,2
7246,4,2,4,2
7247,4,2,4,2
7248,4,2,4,2
7250,4,2,4,2
7252,4,2,4,2
7254,4,2,4,2
7256,4,2,4,2
7258,4,2,4,2
7259,4,2,4,2
7260,4,2,4,2
7261,4,2,4,2
7262,4,2,4,2
7264,4,2,4,2
7266,4,2,4,2
7268,4,2,4,2
7269,4,2,4,2
7270,4,2,4,2
7271,4,2,4,2
7272,4,2,4,2
7273,4,2,4,2
7274,4,2,4,2
7275,4,2,4,2
7276,4,2,4,2
7277,4,2,4,2
7278,4,2,4,2
7279,4,2,4,2
7280,4,2,4,2
7281,4,2,4,2
7282,4,2,4,2
7283,4,2,4,2
7284,4,2,4,2
7285,4,2,4,2
7286,4,2,4,2
7287,4,2,4,2
7289,4,2,4,2
7292,4,2,4,2
7293,4,2,4,2
7294,4,2,4,2
7297,4,2,4,2
7299,4,2,4,2
7302,4,2,4,2
7303,4,2,4,2
7304,4,2,4,2
7305,4,2,4,2
7306,4,2,4,2
7307,4,2,4,2
7308,4,2,4,2
7311,4,2,4,2
7312,4,2,4,2
7313,4,2,4,2
7314,4,2,4,2
7315,4,2,4,2
7316,4,2,4,2
7317,4,2,4,2
7318,4,2,4,2
7319,4,2,4,2
7321,4,2,4,2
7322,4,2,4,2
7323,4,2,4,2
7324,4,2,4,2
7325,4,2,4,2
7332,4,2,4,2
7333,4,2,4,2
7335,4,2,4,2
7336,4,2,4,2
7337,4,2,4,2
7338,4,2,4,2
7341,4,2,4,2
7342,4,2,4,2
7343,4,2,4,2
7346,4,2,4,2
7349,4,2,4,2
7352,4,2,4,2
7355,4,2,4,2
7358,4,2,4,2
7359,4,2,4,2
7360,4,2,4,2
7361,4,2,4,2
7363,4,2,4,2
7365,4,2,4,2
7367,4,2,4,2
7369,4,2,4,2
7371,4,2,4,2
7373,4,2,4,2
7374,4,2,4,2
7376,4,2,4,2
7379,4,2,4,2
7381,4,2,4,2
7383,4,2,4,2
7384,4,2,4,2
7385,4,2,4,2
7386,4,2,4,2
7387,4,2,4,2
7388,4,2,4,2
7389,4,2,4,2
7390,4,2,4,2
7391,4,2,4,2
7393,4,2,4,2
7394,4,2,4,2
7395,4,2,4,2
7396,4,2,4,2
7398,4,2,4,2
7401,4,2,4,2
7403,4,2,4,2
7405,4,2,4,2
7407,4,2,4,2
7409,4,2,4,2
7410,4,2,4,2
7411,4,2,4,2
7414,4,2,4,2
7415,4,2,4,2
7416,4,2,4,2
7417,4,2,4,2
7419,4,2,4,2
7420,4,2,4,2
7422,4,2,4,2
7424,4,2,4,2
7426,4,2,4,2
7428,4,2,4,2
7430,4,2,4,2
7431,4,2,4,2
7434,4,2,4,2
7435,4,2,4,2
7436,4,2,4,2
7437,4,2,4,2
7438,4,2,4,2
7439,4,2,4,2
7440,4,2,4,2
7441,4,2,4,2
7442,4,2,4,2
7443,4,2,4,2
7445,4,2,4,2
7447,4,2,4,2
7448,4,2,4,2
7449,4,2,4,2
7450,4,2,4,2
7451,4,2,4,2
7452,4,2,4,2
7454,4,2,4,2
7456,4,2,4,2
7457,4,2,4,2
7458,4,2,4,2
7459,4,2,4,2
7460,4,2,4,2
7461,4,2,4,2
7463,4,2,4,2
7464,4,2,4,2
7465,4,2,4,2
7466,4,2,4,2
7467,4,2,4,2
7468,4,2,4,2
7470,4,2,4,2
7471,4,2,4,2
7473,4,2,4,2
7474,4,2,4,2
7477,4,2,4,2
7478,4,2,4,2
7479,4,2,4,2
7480,4,2,4,2
7481,4,2,4,2
7483,4,2,4,2
7486,4,2,4,2
7489,4,2,4,2
7490,4,2,4,2
7491,4,2,4,2
7492,4,2,4,2
7493,4,2,4,2
7494,4,2,4,2
7495,4,2,4,2
7496,4,2,4,2
7497,4,2,4,2
7498,4,2,4,2
7499,4,2,4,2
7500,4,2,4,2
7501,4,2,4,2
7502,4,2,4,2
7503,4,2,4,2
7504,4,2,4,2
7505,4,2,4,2
7506,4,2,4,2
7507,4,2,4,2
7508,4,2,4,2
7509,4,2,4,2
7510,4,2,4,2
7511,4,2,4,2
7512,4,2,4,2
7513,4,2,4,2
7514,4,2,4,2
7516,4,2,4,2
7517,4,2,4,2
7519,4,2,4,2
7520,4,2,4,2
7521,4,2,4,2
7522,4,2,4,2
7523,4,2,4,2
7524,4,2,4,2
7526,4,2,4,2
7527,4,2,4,2
7529,4,2,4,2
7530,4,2,4,2
7531,4,2,4,2
7532,4,2,4,2
7533,4,2,4,2
7535,4,2,4,2
7537,4,2,4,2
7538,4,2,4,2
7540,4,2,4,2
7543,4,2,4,2
7544,4,2,4,2
7545,4,2,4,2
7546,4,2,4,2
7548,4,2,4,2
7549,4,2,4,2
7550,4,2,4,2
7551,4,2,4,2
7554,4,2,4,2
7555,4,2,4,2
7556,4,2,4,2
7558,4,2,4,2
7559,4,2,4,2
7560,4,2,4,2
7562,4,2,4,2
7565,4,2,4,2
7566,4,2,4,2
7568,4,2,4,2
7570,4,2,4,2
7572,4,2,4,2
7574,4,2,4,2
7576,4,2,4,2
7578,4,2,4,2
7580,4,2,4,2
7581,4,2,4,2
7582,4,2,4,2
7583,4,2,4,2
7584,4,2,4,2
7585,4,2,4,2
7587,4,2,4,2
7588,4,2,4,2
7589,4,2,4,2
7590,4,2,4,2
7591,4,2,4,2
7595,4,2,4,2
7597,4,2,4,2
7599,4,2,4,2
7601,4,2,4,2
7603,4,2,4,2
7605,4,2,4,2
7607,4,2,4,2
7609,4,2,4,2
7610,4,2,4,2
7611,4,2,4,2
7613,4,2,4,2
7614,4,2,4,2
7616,4,2,4,2
7618,4,2,4,2
7619,4,2,4,2
7620,4,2,4,2
7621,4,2,4,2
7622,4,2,4,2
7623,4,2,4,2
7625,4,2,4,2
7626,4,2,4,2
7627,4,2,4,2
7628,4,2,4,2
7629,4,2,4,2
7630,4,2,4,2
7631,4,2,4,2
7632,4,2,4,2
7633,4,2,4,2
7634,4,2,4,2
7637,4,2,4,2
7639,4,2,4,2
7645,4,2,4,2
7648,4,2,4,2
7649,4,2,4,2
7650,4,2,4,2
7651,4,2,4,2
7654,4,2,4,2
7655,4,2,4,2
7656,4,2,4,2
7657,4,2,4,2
7659,4,2,4,2
7668,4,2,4,2
7669,4,2,4,2
7670,4,2,4,2
7671,4,2,4,2
7672,4,2,4,2
7673,4,2,4,2
7675,4,2,4,2
7676,4,2,4,2
7677,4,2,4,2
7678,4,2,4,2
7679,4,2,4,2
7680,4,2,4,2
7681,4,2,4,2
7682,4,2,4,2
7684,4,2,4,2
7686,4,2,4,2
7687,4,2,4,2
7688,4,2,4,2
7690,4,2,4,2
7691,4,2,4,2
7692,4,2,4,2
7696,4,2,4,2
7697,4,2,4,2
7698,4,2,4,2
7700,4,2,4,2
7703,4,2,4,2
7704,4,2,4,2
7706,4,2,4,2
7707,4,2,4,2
7709,4,2,4,2
7710,4,2,4,2
7711,4,2,4,2
7713,4,2,4,2
7714,4,2,4,2
7715,4,2,4,2
7716,4,2,4,2
7719,4,2,4,2
7720,4,2,4,2
7721,4,2,4,2
7723,4,2,4,2
7732,4,2,4,2
7733,4,2,4,2
7734,4,2,4,2
7735,4,2,4,2
7737,4,2,4,2
7739,4,2,4,2
7741,4,2,4,2
7743,4,2,4,2
7745,4,2,4,2
7746,4,2,4,2
7747,4,2,4,2
7748,4,2,4,2
7751,4,2,4,2
7752,4,2,4,2
7753,4,2,4,2
7754,4,2,4,2
7755,4,2,4,2
7757,4,2,4,2
7760,4,2,4,2
7761,4,2,4,2
7762,4,2,4,2
7763,4,2,4,2
7765,4,2,4,2
7766,4,2,4,2
7767,4,2,4,2
7768,4,2,4,2
7771,4,2,4,2
7773,4,2,4,2
7774,4,2,4,2
7776,4,2,4,2
7779,4,2,4,2
7780,4,2,4,2
7781,4,2,4,2
7782,4,2,4,2
7783,4,2,4,2
7784,4,2,4,2
7785,4,2,4,2
7786,4,2,4,2
7787,4,2,4,2
7788,4,2,4,2
7789,4,2,4,2
7790,4,2,4,2
7792,4,2,4,2
7793,4,2,4,2
7794,4,2,4,2
7795,4,2,4,2
7796,4,2,4,2
7797,4,2,4,2
7798,4,2,4,2
7799,4,2,4,2
7800,4,2,4,2
7801,4,2,4,2
7802,4,2,4,2
7804,4,2,4,2
7805,4,2,4,2
7806,4,2,4,2
7807,4,2,4,2
7808,4,2,4,2
7809,4,2,4,2
7810,4,2,4,2
7811,4,2,4,2
7812,4,2,4,2
7813,4,2,4,2
7816,4,2,4,2
7818,4,2,4,2
7819,4,2,4,2
7820,4,2,4,2
7821,4,2,4,2
7822,4,2,4,2
7823,4,2,4,2
7824,4,2,4,2
7825,4,2,4,2
7826,4,2,4,2
7827,4,2,4,2
7828,4,2,4,2
7829,4,2,4,2
7830,4,2,4,2
7832,4,2,4,2
7833,4,2,4,2
7834,4,2,4,2
7835,4,2,4,2
7836,4,2,4,2
7837,4,2,4,2
7838,4,2,4,2
7839,4,2,4,2
7840,4,2,4,2
7841,4,2,4,2
7842,4,2,4,2
7843,4,2,4,2
7844,4,2,4,2
7847,4,2,4,2
7849,4,2,4,2
7850,4,2,4,2
7851,4,2,4,2
7852,4,2,4,2
7853,4,2,4,2
7854,4,2,4,2
7856,4,2,4,2
7857,4,2,4,2
7858,4,2,4,2
7859,4,2,4,2
7861,4,2,4,2
7862,4,2,4,2
7863,4,2,4,2
7864,4,2,4,2
7865,4,2,4,2
7866,4,2,4,2
7867,4,2,4,2
7868,4,2,4,2
7869,4,2,4,2
7870,4,2,4,2
7872,4,2,4,2
7875,4,2,4,2
7876,4,2,4,2
7877,4,2,4,2
7878,4,2,4,2
7879,4,2,4,2
7881,4,2,4,2
7882,4,2,4,2
7883,4,2,4,2
7884,4,2,4,2
7886,4,2,4,2
7887,4,2,4,2
7889,4,2,4,2
7891,4,2,4,2
7893,4,2,4,2
7895,4,2,4,2
7897,4,2,4,2
7900,4,2,4,2
7901,4,2,4,2
7902,4,2,4,2
7904,4,2,4,2
7905,4,2,4,2
7909,4,2,4,2
7910,4,2,4,2
7911,4,2,4,2
7913,4,2,4,2
7914,4,2,4,2
7915,4,2,4,2
7916,4,2,4,2
7918,4,2,4,2
7919,4,2,4,2
7922,4,2,4,2
7923,4,2,4,2
7924,4,2,4,2
7926,4,2,4,2
7928,4,2,4,2
7929,4,2,4,2
7930,4,2,4,2
7932,4,2,4,2
7933,4,2,4,2
7934,4,2,4,2
7936,4,2,4,2
7938,4,2,4,2
7939,4,2,4,2
7940,4,2,4,2
7943,4,2,4,2
7944,4,2,4,2
7946,4,2,4,2
7951,4,2,4,2
7952,4,2,4,2
7953,4,2,4,2
7956,4,2,4,2
7957,4,2,4,2
7959,4,2,4,2
7961,4,2,4,2
7962,4,2,4,2
7963,4,2,4,2
7964,4,2,4,2
7965,4,2,4,2
7968,4,2,4,2
7970,4,2,4,2
7971,4,2,4,2
7972,4,2,4,2
7974,4,2,4,2
7976,4,2,4,2
7979,4,2,4,2
7980,4,2,4,2
7984,4,2,4,2
7985,4,2,4,2
7986,4,2,4,2
7987,4,2,4,2
7988,4,2,4,2
7989,4,2,4,2
7990,4,2,4,2
7991,4,2,4,2
7992,4,2,4,2
7994,4,2,4,2
7998,4,2,4,2
8001,4,2,4,2
8003,4,2,4,2
8004,4,2,4,2
8006,4,2,4,2
8008,4,2,4,2
8010,4,2,4,2
8012,4,2,4,2
8014,4,2,4,2
8015,4,2,4,2
8016,4,2,4,2
8018,4,2,4,2
8019,4,2,4,2
8020,4,2,4,2
8021,4,2,4,2
8022,4,2,4,2
8023,4,2,4,2
8024,4,2,4,2
8025,4,2,4,2
8026,4,2,4,2
8027,4,2,4,2
8028,4,2,4,2
8029,4,2,4,2
8031,4,2,4,2
8032,4,2,4,2
8033,4,2,4,2
8034,4,2,4,2
8036,4,2,4,2
8037,4,2,4,2
8038,4,2,4,2
8040,4,2,4,2
8042,4,2,4,2
8043,4,2,4,2
8044,4,2,4,2
8045,4,2,4,2
8046,4,2,4,2
8048,4,2,4,2
8049,4,2,4,2
8050,4,2,4,2
8051,4,2,4,2
8052,4,2,4,2
8053,4,2,4,2
8054,4,2,4,2
8055,4,2,4,2
8057,4,2,4,2
8058,4,2,4,2
8060,4,2,4,2
8061,4,2,4,2
8062,4,2,4,2
8063,4,2,4,2
8064,4,2,4,2
8066,4,2,4,2
8067,4,2,4,2
8068,4,2,4,2
8070,4,2,4,2
8071,4,2,4,2
8072,4,2,4,2
8073,4,2,4,2
8074,4,2,4,2
8075,4,2,4,2
8079,4,2,4,2
8081,4,2,4,2
8082,4,2,4,2
8083,4,2,4,2
8084,4,2,4,2
8086,4,2,4,2
8087,4,2,4,2
8088,4,2,4,2
8089,4,2,4,2
8090,4,2,4,2
8091,4,2,4,2
8092,4,2,4,2
8094,4,2,4,2
8095,4,2,4,2
8096,4,2,4,2
8097,4,2,4,2
8098,4,2,4,2
8101,4,2,4,2
8102,4,2,4,2
8103,4,2,4,2
8106,4,2,4,2
8107,4,2,4,2
8108,4,2,4,2
8109,4,2,4,2
8111,4,2,4,2
8112,4,2,4,2
8113,4,2,4,2
8114,4,2,4,2
8115,4,2,4,2
8116,4,2,4,2
8117,4,2,4,2
8118,4,2,4,2
8119,4,2,4,2
8120,4,2,4,2
8121,4,2,4,2
8123,4,2,4,2
8124,4,2,4,2
8126,4,2,4,2
8127,4,2,4,2
8129,4,2,4,2
8131,4,2,4,2
8133,4,2,4,2
8135,4,2,4,2
8136,4,2,4,2
8138,4,2,4,2
8139,4,2,4,2
8143,4,2,4,2
8145,4,2,4,2
8146,4,2,4,2
8147,4,2,4,2
8148,4,2,4,2
8149,4,2,4,2
8150,4,2,4,2
8151,4,2,4,2
8152,4,2,4,2
8153,4,2,4,2
8155,4,2,4,2
8165,4,2,4,2
8167,4,2,4,2
8168,4,2,4,2
8169,4,2,4,2
8170,4,2,4,2
8171,4,2,4,2
8172,4,2,4,2
8173,4,2,4,2
8174,4,2,4,2
8176,4,2,4,2
8177,4,2,4,2
8178,4,2,4,2
8179,4,2,4,2
8180,4,2,4,2
8181,4,2,4,2
8182,4,2,4,2
8187,4,2,4,2
8188,4,2,4,2
8189,4,2,4,2
8190,4,2,4,2
8191,4,2,4,2
8192,4,2,4,2
8193,4,2,4,2
8194,4,2,4,2
8195,4,2,4,2
8196,4,2,4,2
8197,4,2,4,2
8198,4,2,4,2
8199,4,2,4,2
8200,4,2,4,2
8201,4,2,4,2
8202,4,2,4,2
8204,4,2,4,2
8205,4,2,4,2
8208,4,2,4,2
8209,4,2,4,2
8210,4,2,4,2
8212,4,2,4,2
8213,4,2,4,2
8216,4,2,4,2
8217,4,2,4,2
8218,4,2,4,2
8219,4,2,4,2
8220,4,2,4,2
8221,4,2,4,2
8222,4,2,4,2
8224,4,2,4,2
8225,4,2,4,2
8226,4,2,4,2
8229,4,2,4,2
8230,4,2,4,2
8232,4,2,4,2
8233,4,2,4,2
8234,4,2,4,2
8235,4,2,4,2
8238,4,2,4,2
8239,4,2,4,2
8240,4,2,4,2
8241,4,2,4,2
8242,4,2,4,2
8243,4,2,4,2
8244,4,2,4,2
8245,4,2,4,2
8247,4,2,4,2
8249,4,2,4,2
8250,4,2,4,2
8251,4,2,4,2
8253,4,2,4,2
8254,4,2,4,2
8256,4,2,4,2
8257,4,2,4,2
8259,4,2,4,2
8260,4,2,4,2
8261,4,2,4,2
8263,4,2,4,2
8264,4,2,4,2
8266,4,2,4,2
8267,4,2,4,2
8268,4,2,4,2
8269,4,2,4,2
8270,4,2,4,2
8271,4,2,4,2
8272,4,2,4,2
8273,4,2,4,2
8275,4,2,4,2
8276,4,2,4,2
8278,4,2,4,2
8280,4,2,4,2
8281,4,2,4,2
8282,4,2,4,2
8283,4,2,4,2
8284,4,2,4,2
8286,4,2,4,2
8287,4,2,4,2
8289,4,2,4,2
8290,4,2,4,2
8292,4,2,4,2
8293,4,2,4,2
8294,4,2,4,2
8295,4,2,4,2
8296,4,2,4,2
8297,4,2,4,2
8299,4,2,4,2
8301,4,2,4,2
8302,4,2,4,2
8303,4,2,4,2
8304,4,2,4,2
8305,4,2,4,2
8306,4,2,4,2
8308,4,2,4,2
8310,4,2,4,2
8311,4,2,4,2
8312,4,2,4,2
8313,4,2,4,2
8315,4,2,4,2
8316,4,2,4,2
8317,4,2,4,2
8318,4,2,4,2
8319,4,2,4,2
8321,4,2,4,2
8322,4,2,4,2
8323,4,2,4,2
8324,4,2,4,2
8325,4,2,4,2
8326,4,2,4,2
8327,4,2,4,2
8328,4,2,4,2
8329,4,2,4,2
8330,4,2,4,2
8333,4,2,4,2
8334,4,2,4,2
8335,4,2,4,2
8336,4,2,4,2
8337,4,2,4,2
8339,4,2,4,2
8341,4,2,4,2
8343,4,2,4,2
8345,4,2,4,2
8346,4,2,4,2
8350,4,2,4,2
8351,4,2,4,2
8352,4,2,4,2
8354,4,2,4,2
8355,4,2,4,2
8356,4,2,4,2
8357,4,2,4,2
8359,4,2,4,2
8360,4,2,4,2
8361,4,2,4,2
8362,4,2,4,2
8363,4,2,4,2
8364,4,2,4,2
8365,4,2,4,2
8366,4,2,4,2
8367,4,2,4,2
8368,4,2,4,2
8369,4,2,4,2
8371,4,2,4,2
8372,4,2,4,2
8373,4,2,4,2
8374,4,2,4,2
8375,4,2,4,2
8376,4,2,4,2
8378,4,2,4,2
8380,4,2,4,2
8382,4,2,4,2
8384,4,2,4,2
8389,4,2,4,2
8390,4,2,4,2
8391,4,2,4,2
8392,4,2,4,2
8394,4,2,4,2
8396,4,2,4,2
8398,4,2,4,2
8400,4,2,4,2
8402,4,2,4,2
8404,4,2,4,2
8406,4,2,4,2
8408,4,2,4,2
8410,4,2,4,2
8411,4,2,4,2
8413,4,2,4,2
8415,4,2,4,2
8417,4,2,4,2
8420,4,2,4,2
8421,4,2,4,2
8422,4,2,4,2
8423,4,2,4,2
8424,4,2,4,2
8427,4,2,4,2
8428,4,2,4,2
8429,4,2,4,2
8430,4,2,4,2
8431,4,2,4,2
8432,4,2,4,2
8433,4,2,4,2
8434,4,2,4,2
8435,4,2,4,2
8437,4,2,4,2
8440,4,2,4,2
8443,4,2,4,2
8446,4,2,4,2
8449,4,2,4,2
8452,4,2,4,2
8453,4,2,4,2
8454,4,2,4,2
8456,4,2,4,2
8459,4,2,4,2
8460,4,2,4,2
8462,4,2,4,2
8463,4,2,4,2
8464,4,2,4,2
8465,4,2,4,2
8466,4,2,4,2
8469,4,2,4,2
8470,4,2,4,2
8472,4,2,4,2
8473,4,2,4,2
8474,4,2,4,2
8475,4,2,4,2
8477,4,2,4,2
8479,4,2,4,2
8481,4,2,4,2
8483,4,2,4,2
8485,4,2,4,2
8487,4,2,4,2
8488,4,2,4,2
8489,4,2,4,2
8490,4,2,4,2
8492,4,2,4,2
8494,4,2,4,2
8496,4,2,4,2
8497,4,2,4,2
8500,4,2,4,2
8501,4,2,4,2
8502,4,2,4,2
8503,4,2,4,2
8504,4,2,4,2
8505,4,2,4,2
8506,4,2,4,2
8507,4,2,4,2
8508,4,2,4,2
8509,4,2,4,2
8510,4,2,4,2
8512,4,2,4,2
8513,4,2,4,2
8514,4,2,4,2
8515,4,2,4,2
8516,4,2,4,2
8517,4,2,4,2
8519,4,2,4,2
8521,4,2,4,2
8523,4,2,4,2
8525,4,2,4,2
8526,4,2,4,2
8527,4,2,4,2
8528,4,2,4,2
8529,4,2,4,2
8532,4,2,4,2
8535,4,2,4,2
8537,4,2,4,2
8539,4,2,4,2
8541,4,2,4,2
8542,4,2,4,2
8543,4,2,4,2
8545,4,2,4,2
8546,4,2,4,2
8549,4,2,4,2
8551,4,2,4,2
8554,4,2,4,2
8556,4,2,4,2
8558,4,2,4,2
8560,4,2,4,2
8562,4,2,4,2
8564,4,2,4,2
8566,4,2,4,2
8568,4,2,4,2
8570,4,2,4,2
8572,4,2,4,2
8574,4,2,4,2
8576,4,2,4,2
8578,4,2,4,2
8580,4,2,4,2
8582,4,2,4,2
8583,4,2,4,2
8584,4,2,4,2
8585,4,2,4,2
8586,4,2,4,2
8588,4,2,4,2
8589,4,2,4,2
8591,4,2,4,2
8593,4,2,4,2
8595,4,2,4,2
8597,4,2,4,2
8599,4,2,4,2
8601,4,2,4,2
8603,4,2,4,2
8605,4,2,4,2
8607,4,2,4,2
8609,4,2,4,2
8610,4,2,4,2
8611,4,2,4,2
8614,4,2,4,2
8617,4,2,4,2
8620,4,2,4,2
8621,4,2,4,2
8622,4,2,4,2
8625,4,2,4,2
8626,4,2,4,2
8627,4,2,4,2
8628,4,2,4,2
8629,4,2,4,2
8630,4,2,4,2
8631,4,2,4,2
8632,4,2,4,2
8633,4,2,4,2
8635,4,2,4,2
8637,4,2,4,2
8638,4,2,4,2
8639,4,2,4,2
8640,4,2,4,2
8641,4,2,4,2
8643,4,2,4,2
8645,4,2,4,2
8646,4,2,4,2
8647,4,2,4,2
8650,4,2,4,2
8654,4,2,4,2
8658,4,2,4,2
8659,4,2,4,2
8660,4,2,4,2
8662,4,2,4,2
8663,4,2,4,2
8664,4,2,4,2
8665,4,2,4,2
8668,4,2,4,2
8669,4,2,4,2
8672,4,2,4,2
8676,4,2,4,2
8677,4,2,4,2
8678,4,2,4,2
8679,4,2,4,2
8680,4,2,4,2
8682,4,2,4,2
8683,4,2,4,2
8684,4,2,4,2
8685,4,2,4,2
8686,4,2,4,2
8687,4,2,4,2
8688,4,2,4,2
8689,4,2,4,2
8690,4,2,4,2
8691,4,2,4,2
8692,4,2,4,2
8693,4,2,4,2
8696,4,2,4,2
8699,4,2,4,2
8702,4,2,4,2
8707,4,2,4,2
8711,4,2,4,2
8714,4,2,4,2
8717,4,2,4,2
8718,4,2,4,2
8719,4,2,4,2
8720,4,2,4,2
8722,4,2,4,2
8724,4,2,4,2
8725,4,2,4,2
8726,4,2,4,2
8727,4,2,4,2
8728,4,2,4,2
8730,4,2,4,2
8731,4,2,4,2
8733,4,2,4,2
8734,4,2,4,2
8735,4,2,4,2
8736,4,2,4,2
8737,4,2,4,2
8738,4,2,4,2
8739,4,2,4,2
8740,4,2,4,2
8742,4,2,4,2
8744,4,2,4,2
8746,4,2,4,2
8747,4,2,4,2
8748,4,2,4,2
8749,4,2,4,2
8751,4,2,4,2
8753,4,2,4,2
8754,4,2,4,2
8755,4,2,4,2
8756,4,2,4,2
8757,4,2,4,2
8758,4,2,4,2
8759,4,2,4,2
8760,4,2,4,2
8761,4,2,4,2
8762,4,2,4,2
8763,4,2,4,2
8764,4,2,4,2
8766,4,2,4,2
8769,4,2,4,2
8770,4,2,4,2
8772,4,2,4,2
8774,4,2,4,2
8776,4,2,4,2
8778,4,2,4,2
8779,4,2,4,2
8780,4,2,4,2
8782,4,2,4,2
8783,4,2,4,2
8784,4,2,4,2
8786,4,2,4,2
8787,4,2,4,2
8789,4,2,4,2
8791,4,2,4,2
8792,4,2,4,2
8793,4,2,4,2
8794,4,2,4,2
8795,4,2,4,2
8796,4,2,4,2
8797,4,2,4,2
8798,4,2,4,2
8799,4,2,4,2
8801,4,2,4,2
8802,4,2,4,2
8803,4,2,4,2
8804,4,2,4,2
8806,4,2,4,2
8807,4,2,4,2
8810,4,2,4,2
8811,4,2,4,2
8814,4,2,4,2
8817,4,2,4,2
8820,4,2,4,2
8822,4,2,4,2
8824,4,2,4,2
8825,4,2,4,2
8826,4,2,4,2
8827,4,2,4,2
8828,4,2,4,2
8830,4,2,4,2
8831,4,2,4,2
8833,4,2,4,2
8834,4,2,4,2
8835,4,2,4,2
8836,4,2,4,2
8838,4,2,4,2
8839,4,2,4,2
8841,4,2,4,2
8842,4,2,4,2
8843,4,2,4,2
8844,4,2,4,2
8845,4,2,4,2
8847,4,2,4,2
8848,4,2,4,2
8852,4,2,4,2
8853,4,2,4,2
8855,4,2,4,2
8857,4,2,4,2
8859,4,2,4,2
8861,4,2,4,2
8863,4,2,4,2
8865,4,2,4,2
8866,4,2,4,2
8867,4,2,4,2
8868,4,2,4,2
8869,4,2,4,2
8870,4,2,4,2
8872,4,2,4,2
8873,4,2,4,2
8875,4,2,4,2
8877,4,2,4,2
8879,4,2,4,2
8880,4,2,4,2
8881,4,2,4,2
8882,4,2,4,2
8883,4,2,4,2
8886,4,2,4,2
8888,4,2,4,2
8890,4,2,4,2
8896,4,2,4,2
8898,4,2,4,2
8900,4,2,4,2
8902,4,2,4,2
8903,4,2,4,2
8905,4,2,4,2
8907,4,2,4,2
8908,4,2,4,2
8909,4,2,4,2
8913,4,2,4,2
8914,4,2,4,2
8916,4,2,4,2
8917,4,2,4,2
8918,4,2,4,2
8919,4,2,4,2
8920,4,2,4,2
8921,4,2,4,2
8923,4,2,4,2
8924,4,2,4,2
8925,4,2,4,2
8926,4,2,4,2
8927,4,2,4,2
8930,4,2,4,2
8932,4,2,4,2
8934,4,2,4,2
8935,4,2,4,2
8936,4,2,4,2
8937,4,2,4,2
8939,4,2,4,2
8940,4,2,4,2
8941,4,2,4,2
8943,4,2,4,2
8944,4,2,4,2
8946,4,2,4,2
8948,4,2,4,2
8950,4,2,4,2
8951,4,2,4,2
8952,4,2,4,2
8954,4,2,4,2
8957,4,2,4,2
8958,4,2,4,2
8959,4,2,4,2
8960,4,2,4,2
8962,4,2,4,2
8964,4,2,4,2
8965,4,2,4,2
8967,4,2,4,2
8969,4,2,4,2
8970,4,2,4,2
8971,4,2,4,2
8973,4,2,4,2
8977,4,2,4,2
8979,4,2,4,2
8982,4,2,4,2
8984,4,2,4,2
8987,4,2,4,2
8988,4,2,4,2
8989,4,2,4,2
8991,4,2,4,2
8993,4,2,4,2
8994,4,2,4,2
8995,4,2,4,2
8996,4,2,4,2
9001,4,2,4,2
9002,4,2,4,2
9004,4,2,4,2
9006,4,2,4,2
9008,4,2,4,2
9010,4,2,4,2
9013,4,2,4,2
9014,4,2,4,2
9015,4,2,4,2
9016,4,2,4,2
9017,4,2,4,2
9018,4,2,4,2
9019,4,2,4,2
9021,4,2,4,2
9023,4,2,4,2
9024,4,2,4,2
9026,4,2,4,2
9028,4,2,4,2
9031,4,2,4,2
9032,4,2,4,2
9033,4,2,4,2
9034,4,2,4,2
9037,4,2,4,2
9039,4,2,4,2
9042,4,2,4,2
9044,4,2,4,2
9046,4,2,4,2
9047,4,2,4,2
9048,4,2,4,2
9049,4,2,4,2
9050,4,2,4,2
9052,4,2,4,2
9055,4,2,4,2
9058,4,2,4,2
9061,4,2,4,2
9064,4,2,4,2
9065,4,2,4,2
9066,4,2,4,2
9067,4,2,4,2
9068,4,2,4,2
9069,4,2,4,2
9071,4,2,4,2
9073,4,2,4,2
9075,4,2,4,2
9077,4,2,4,2
9079,4,2,4,2
9080,4,2,4,2
9081,4,2,4,2
9082,4,2,4,2
9083,4,2,4,2
9084,4,2,4,2
9085,4,2,4,2
9086,4,2,4,2
9087,4,2,4,2
9088,4,2,4,2
9089,4,2,4,2
9090,4,2,4,2
9091,4,2,4,2
9092,4,2,4,2
9093,4,2,4,2
9094,4,2,4,2
9095,4,2,4,2
9096,4,2,4,2
9097,4,2,4,2
9098,4,2,4,2
9099,4,2,4,2
9100,4,2,4,2
9101,4,2,4,2
9102,4,2,4,2
9105,4,2,4,2
9106,4,2,4,2
9109,4,2,4,2
9111,4,2,4,2
9114,4,2,4,2
9117,4,2,4,2
9120,4,2,4,2
9123,4,2,4,2
9127,4,2,4,2
9130,4,2,4,2
9133,4,2,4,2
9134,4,2,4,2
9135,4,2,4,2
9136,4,2,4,2
9139,4,2,4,2
9140,4,2,4,2
9141,4,2,4,2
9144,4,2,4,2
9147,4,2,4,2
9148,4,2,4,2
9149,4,2,4,2
9150,4,2,4,2
9151,4,2,4,2
9152,4,2,4,2
9156,4,2,4,2
9158,4,2,4,2
9159,4,2,4,2
9160,4,2,4,2
9161,4,2,4,2
9162,4,2,4,2
9163,4,2,4,2
9164,4,2,4,2
9166,4,2,4,2
9168,4,2,4,2
9169,4,2,4,2
9170,4,2,4,2
9172,4,2,4,2
9174,4,2,4,2
9176,4,2,4,2
9177,4,2,4,2
9178,4,2,4,2
9179,4,2,4,2
9180,4,2,4,2
9181,4,2,4,2
9182,4,2,4,2
9185,4,2,4,2
9188,4,2,4,2
9191,4,2,4,2
9194,4,2,4,2
9195,4,2,4,2
9196,4,2,4,2
9198,4,2,4,2
9199,4,2,4,2
9202,4,2,4,2
9203,4,2,4,2
9205,4,2,4,2
9207,4,2,4,2
9210,4,2,4,2
9212,4,2,4,2
9213,4,2,4,2
9214,4,2,4,2
9215,4,2,4,2
9216,4,2,4,2
9217,4,2,4,2
9219,4,2,4,2
9221,4,2,4,2
9223,4,2,4,2
9225,4,2,4,2
9226,4,2,4,2
9228,4,2,4,2
9229,4,2,4,2
9230,4,2,4,2
9231,4,2,4,2
9232,4,2,4,2
9233,4,2,4,2
9235,4,2,4,2
9236,4,2,4,2
9237,4,2,4,2
9238,4,2,4,2
9239,4,2,4,2
9240,4,2,4,2
9243,4,2,4,2
9245,4,2,4,2
9247,4,2,4,2
9248,4,2,4,2
9249,4,2,4,2
9250,4,2,4,2
9251,4,2,4,2
9253,4,2,4,2
9254,4,2,4,2
9255,4,2,4,2
9256,4,2,4,2
9257,4,2,4,2
9258,4,2,4,2
9259,4,2,4,2
9261,4,2,4,2
9262,4,2,4,2
9264,4,2,4,2
9267,4,2,4,2
9270,4,2,4,2
9271,4,2,4,2
9272,4,2,4,2
9274,4,2,4,2
9276,4,2,4,2
9278,4,2,4,2
9279,4,2,4,2
9280,4,2,4,2
9283,4,2,4,2
9286,4,2,4,2
9287,4,2,4,2
9289,4,2,4,2
9292,4,2,4,2
9294,4,2,4,2
9297,4,2,4,2
9299,4,2,4,2
9302,4,2,4,2
9304,4,2,4,2
9306,4,2,4,2
9308,4,2,4,2
9310,4,2,4,2
9312,4,2,4,2
9314,4,2,4,2
9316,4,2,4,2
9317,4,2,4,2
9318,4,2,4,2
9319,4,2,4,2
9321,4,2,4,2
9322,4,2,4,2
9324,4,2,4,2
9325,4,2,4,2
9326,4,2,4,2
9327,4,2,4,2
9328,4,2,4,2
9331,4,2,4,2
9332,4,2,4,2
9334,4,2,4,2
9335,4,2,4,2
9337,4,2,4,2
9339,4,2,4,2
9341,4,2,4,2
9343,4,2,4,2
9345,4,2,4,2
9346,4,2,4,2
9347,4,2,4,2
9349,4,2,4,2
9350,4,2,4,2
9352,4,2,4,2
9353,4,2,4,2
9355,4,2,4,2
9356,4,2,4,2
9357,4,2,4,2
9358,4,2,4,2
9359,4,2,4,2
9362,4,2,4,2
9365,4,2,4,2
9366,4,2,4,2
9367,4,2,4,2
9368,4,2,4,2
9369,4,2,4,2
9370,4,2,4,2
9375,4,2,4,2
9376,4,2,4,2
9377,4,2,4,2
9378,4,2,4,2
9382,4,2,4,2
9383,4,2,4,2
9384,4,2,4,2
9385,4,2,4,2
9386,4,2,4,2
9387,4,2,4,2
9388,4,2,4,2
9389,4,2,4,2
9391,4,2,4,2
9393,4,2,4,2
9394,4,2,4,2
9396,4,2,4,2
9399,4,2,4,2
9401,4,2,4,2
9404,4,2,4,2
9406,4,2,4,2
9407,4,2,4,2
9409,4,2,4,2
9410,4,2,4,2
9411,4,2,4,2
9412,4,2,4,2
9413,4,2,4,2
9415,4,2,4,2
9416,4,2,4,2
9418,4,2,4,2
9419,4,2,4,2
9420,4,2,4,2
9421,4,2,4,2
9422,4,2,4,2
9423,4,2,4,2
9424,4,2,4,2
9425,4,2,4,2
9426,4,2,4,2
9427,4,2,4,2
9428,4,2,4,2
9430,4,2,4,2
9431,4,2,4,2
9433,4,2,4,2
9434,4,2,4,2
9435,4,2,4,2
9436,4,2,4,2
9437,4,2,4,2
9439,4,2,4,2
9441,4,2,4,2
9442,4,2,4,2
9443,4,2,4,2
9444,4,2,4,2
9445,4,2,4,2
9446,4,2,4,2
9448,4,2,4,2
9451,4,2,4,2
9452,4,2,4,2
9453,4,2,4,2
9454,4,2,4,2
9455,4,2,4,2
9458,4,2,4,2
9460,4,2,4,2
9463,4,2,4,2
9465,4,2,4,2
9467,4,2,4,2
9468,4,2,4,2
9470,4,2,4,2
9471,4,2,4,2
9472,4,2,4,2
9474,4,2,4,2
9476,4,2,4,2
9477,4,2,4,2
9479,4,2,4,2
9480,4,2,4,2
9481,4,2,4,2
9483,4,2,4,2
9484,4,2,4,2
9485,4,2,4,2
9487,4,2,4,2
9488,4,2,4,2
9489,4,2,4,2
9490,4,2,4,2
9491,4,2,4,2
9492,4,2,4,2
9493,4,2,4,2
9494,4,2,4,2
9495,4,2,4,2
9496,4,2,4,2
9497,4,2,4,2
9498,4,2,4,2
9500,4,2,4,2
9501,4,2,4,2
9502,4,2,4,2
9504,4,2,4,2
9507,4,2,4,2
9508,4,2,4,2
9509,4,2,4,2
9510,4,2,4,2
9511,4,2,4,2
9512,4,2,4,2
9513,4,2,4,2
9515,4,2,4,2
9518,4,2,4,2
9521,4,2,4,2
9522,4,2,4,2
9525,4,2,4,2
9527,4,2,4,2
9528,4,2,4,2
9532,4,2,4,2
9533,4,2,4,2
9534,4,2,4,2
9535,4,2,4,2
9536,4,2,4,2
9537,4,2,4,2
9539,4,2,4,2
9540,4,2,4,2
9541,4,2,4,2
9543,4,2,4,2
9544,4,2,4,2
9545,4,2,4,2
9546,4,2,4,2
9547,4,2,4,2
9549,4,2,4,2
9551,4,2,4,2
9553,4,2,4,2
9554,4,2,4,2
9556,4,2,4,2
9557,4,2,4,2
9559,4,2,4,2
9561,4,2,4,2
9562,4,2,4,2
9564,4,2,4,2
9566,4,2,4,2
9568,4,2,4,2
9569,4,2,4,2
9571,4,2,4,2
9574,4,2,4,2
9575,4,2,4,2
9577,4,2,4,2
9579,4,2,4,2
9581,4,2,4,2
9582,4,2,4,2
9583,4,2,4,2
9585,4,2,4,2
9587,4,2,4,2
9589,4,2,4,2
9591,4,2,4,2
9592,4,2,4,2
9593,4,2,4,2
9594,4,2,4,2
9595,4,2,4,2
9598,4,2,4,2
9599,4,2,4,2
9601,4,2,4,2
9604,4,2,4,2
9609,4,2,4,2
9614,4,2,4,2
9616,4,2,4,2
9617,4,2,4,2
9618,4,2,4,2
9619,4,2,4,2
9621,4,2,4,2
9623,4,2,4,2
9625,4,2,4,2
9627,4,2,4,2
9629,4,2,4,2
9630,4,2,4,2
9631,4,2,4,2
9632,4,2,4,2
9633,4,2,4,2
9634,4,2,4,2
9635,4,2,4,2
9637,4,2,4,2
9639,4,2,4,2
9640,4,2,4,2
9642,4,2,4,2
9644,4,2,4,2
9645,4,2,4,2
9646,4,2,4,2
9647,4,2,4,2
9649,4,2,4,2
9651,4,2,4,2
9653,4,2,4,2
9654,4,2,4,2
9656,4,2,4,2
9658,4,2,4,2
9659,4,2,4,2
9660,4,2,4,2
9661,4,2,4,2
9663,4,2,4,2
9664,4,2,4,2
9665,4,2,4,2
9666,4,2,4,2
9667,4,2,4,2
9668,4,2,4,2
9669,4,2,4,2
9670,4,2,4,2
9671,4,2,4,2
9672,4,2,4,2
9675,4,2,4,2
9676,4,2,4,2
9678,4,2,4,2
9679,4,2,4,2
9680,4,2,4,2
9681,4,2,4,2
9682,4,2,4,2
9683,4,2,4,2
9684,4,2,4,2
9686,4,2,4,2
9687,4,2,4,2
9688,4,2,4,2
9689,4,2,4,2
9690,4,2,4,2
9691,4,2,4,2
9692,4,2,4,2
9693,4,2,4,2
9694,4,2,4,2
9695,4,2,4,2
9696,4,2,4,2
9697,4,2,4,2
9698,4,2,4,2
9699,4,2,4,2
9700,4,2,4,2
9704,4,2,4,2
9705,4,2,4,2
9706,4,2,4,2
9707,4,2,4,2
9708,4,2,4,2
9710,4,2,4,2
9711,4,2,4,2
9713,4,2,4,2
9714,4,2,4,2
9716,4,2,4,2
9718,4,2,4,2
9719,4,2,4,2
9720,4,2,4,2
9722,4,2,4,2
9723,4,2,4,2
9724,4,2,4,2
9725,4,2,4,2
9728,4,2,4,2
9729,4,2,4,2
9730,4,2,4,2
9731,4,2,4,2
9732,4,2,4,2
9733,4,2,4,2
9735,4,2,4,2
9736,4,2,4,2
9737,4,2,4,2
9738,4,2,4,2
9739,4,2,4,2
9741,4,2,4,2
9743,4,2,4,2
9746,4,2,4,2
9748,4,2,4,2
9749,4,2,4,2
9750,4,2,4,2
9751,4,2,4,2
9752,4,2,4,2
9753,4,2,4,2
9755,4,2,4,2
9758,4,2,4,2
9761,4,2,4,2
9764,4,2,4,2
9767,4,2,4,2
9770,4,2,4,2
9773,4,2,4,2
9776,4,2,4,2
9779,4,2,4,2
9780,4,2,4,2
9781,4,2,4,2
9784,4,2,4,2
9785,4,2,4,2
9786,4,2,4,2
9787,4,2,4,2
9788,4,2,4,2
9789,4,2,4,2
9790,4,2,4,2
9792,4,2,4,2
9793,4,2,4,2
9794,4,2,4,2
9795,4,2,4,2
9796,4,2,4,2
9797,4,2,4,2
9798,4,2,4,2
9799,4,2,4,2
9801,4,2,4,2
9802,4,2,4,2
9803,4,2,4,2
9804,4,2,4,2
9806,4,2,4,2
9807,4,2,4,2
9809,4,2,4,2
9811,4,2,4,2
9812,4,2,4,2
9813,4,2,4,2
9814,4,2,4,2
9815,4,2,4,2
9816,4,2,4,2
9817,4,2,4,2
9819,4,2,4,2
9821,4,2,4,2
9823,4,2,4,2
9825,4,2,4,2
9826,4,2,4,2
9827,4,2,4,2
9828,4,2,4,2
9829,4,2,4,2
9830,4,2,4,2
9831,4,2,4,2
9832,4,2,4,2
9833,4,2,4,2
9834,4,2,4,2
9835,4,2,4,2
9837,4,2,4,2
9838,4,2,4,2
9842,4,2,4,2
9843,4,2,4,2
9844,4,2,4,2
9845,4,2,4,2
9846,4,2,4,2
9847,4,2,4,2
9849,4,2,4,2
9850,4,2,4,2
9851,4,2,4,2
9854,4,2,4,2
9855,4,2,4,2
9856,4,2,4,2
9857,4,2,4,2
9858,4,2,4,2
9859,4,2,4,2
9860,4,2,4,2
9861,4,2,4,2
9863,4,2,4,2
9865,4,2,4,2
9866,4,2,4,2
9867,4,2,4,2
9870,4,2,4,2
9872,4,2,4,2
9874,4,2,4,2
9877,4,2,4,2
9878,4,2,4,2
9881,4,2,4,2
9882,4,2,4,2
9884,4,2,4,2
9885,4,2,4,2
9886,4,2,4,2
9887,4,2,4,2
9888,4,2,4,2
9889,4,2,4,2
9891,4,2,4,2
9892,4,2,4,2
9893,4,2,4,2
9894,4,2,4,2
9895,4,2,4,2
9896,4,2,4,2
9900,4,2,4,2
9901,4,2,4,2
9903,4,2,4,2
9904,4,2,4,2
9905,4,2,4,2
9906,4,2,4,2
9907,4,2,4,2
9908,4,2,4,2
9909,4,2,4,2
9911,4,2,4,2
9912,4,2,4,2
9913,4,2,4,2
9914,4,2,4,2
9915,4,2,4,2
9916,4,2,4,2
9917,4,2,4,2
9918,4,2,4,2
9919,4,2,4,2
9920,4,2,4,2
9921,4,2,4,2
9922,4,2,4,2
9924,4,2,4,2
9925,4,2,4,2
9926,4,2,4,2
9927,4,2,4,2
9929,4,2,4,2
9931,4,2,4,2
9933,4,2,4,2
9934,4,2,4,2
9935,4,2,4,2
9936,4,2,4,2
9937,4,2,4,2
9938,4,2,4,2
9939,4,2,4,2
9940,4,2,4,2
9941,4,2,4,2
9942,4,2,4,2
9943,4,2,4,2
9944,4,2,4,2
9945,4,2,4,2
9946,4,2,4,2
9947,4,2,4,2
9948,4,2,4,2
9949,4,2,4,2
9950,4,2,4,2
9951,4,2,4,2
9952,4,2,4,2
9954,4,2,4,2
9955,4,2,4,2
9956,4,2,4,2
9957,4,2,4,2
9958,4,2,4,2
9959,4,2,4,2
9961,4,2,4,2
9962,4,2,4,2
9964,4,2,4,2
9965,4,2,4,2
9966,4,2,4,2
9967,4,2,4,2
9968,4,2,4,2
9969,4,2,4,2
9970,4,2,4,2
9971,4,2,4,2
9972,4,2,4,2
9973,4,2,4,2
9974,4,2,4,2
9975,4,2,4,2
9978,4,2,4,2
9980,4,2,4,2
9983,4,2,4,2
9984,4,2,4,2
9985,4,2,4,2
9986,4,2,4,2
9987,4,2,4,2
9988,4,2,4,2
9989,4,2,4,2
9990,4,2,4,2
9991,4,2,4,2
9992,4,2,4,2
9993,4,2,4,2
9994,4,2,4,2
9996,4,2,4,2
9997,4,2,4,2
9998,4,2,4,2
9999,4,2,4,2
10000,4,2,4,2
10001,4,2,4,2
10002,4,2,4,2
10003,4,2,4,2
10004,4,2,4,2
10005,4,2,4,2
10006,4,2,4,2
10007,4,2,4,2
10008,4,2,4,2
10010,4,2,4,2
10011,4,2,4,2
10012,4,2,4,2
10014,4,2,4,2
10015,4,2,4,2
10016,4,2,4,2
10018,4,2,4,2
10019,4,2,4,2
10020,4,2,4,2
10021,4,2,4,2
10023,4,2,4,2
10024,4,2,4,2
10025,4,2,4,2
10027,4,2,4,2
10028,4,2,4,2
10029,4,2,4,2
10030,4,2,4,2
10031,4,2,4,2
10032,4,2,4,2
10033,4,2,4,2
10034,4,2,4,2
10035,4,2,4,2
10036,4,2,4,2
10037,4,2,4,2
10038,4,2,4,2
10040,4,2,4,2
10042,4,2,4,2
10043,4,2,4,2
10044,4,2,4,2
10045,4,2,4,2
10046,4,2,4,2
10047,4,2,4,2
10048,4,2,4,2
10049,4,2,4,2
10050,4,2,4,2
10051,4,2,4,2
10057,4,2,4,2
10059,4,2,4,2
10060,4,2,4,2
10061,4,2,4,2
10062,4,2,4,2
10063,4,2,4,2
10065,4,2,4,2
10067,4,2,4,2
10069,4,2,4,2
10071,4,2,4,2
10073,4,2,4,2
10074,4,2,4,2
10075,4,2,4,2
10076,4,2,4,2
10077,4,2,4,2
10078,4,2,4,2
10079,4,2,4,2
10080,4,2,4,2
10081,4,2,4,2
10082,4,2,4,2
10084,4,2,4,2
10085,4,2,4,2
10087,4,2,4,2
10088,4,2,4,2
10089,4,2,4,2
10090,4,2,4,2
10091,4,2,4,2
10092,4,2,4,2
10093,4,2,4,2
10094,4,2,4,2
10095,4,2,4,2
10096,4,2,4,2
10098,4,2,4,2
10099,4,2,4,2
10100,4,2,4,2
10101,4,2,4,2
10102,4,2,4,2
10103,4,2,4,2
10105,4,2,4,2
10107,4,2,4,2
10108,4,2,4,2
10109,4,2,4,2
10110,4,2,4,2
10111,4,2,4,2
10112,4,2,4,2
10114,4,2,4,2
10116,4,2,4,2
10118,4,2,4,2
10120,4,2,4,2
10121,4,2,4,2
10122,4,2,4,2
10123,4,2,4,2
10124,4,2,4,2
10126,4,2,4,2
10128,4,2,4,2
10130,4,2,4,2
10131,4,2,4,2
10132,4,2,4,2
10136,4,2,4,2
10137,4,2,4,2
10138,4,2,4,2
10139,4,2,4,2
10141,4,2,4,2
10143,4,2,4,2
10144,4,2,4,2
10145,4,2,4,2
10146,4,2,4,2
10147,4,2,4,2
10149,4,2,4,2
10150,4,2,4,2
10151,4,2,4,2
10152,4,2,4,2
10153,4,2,4,2
10154,4,2,4,2
10155,4,2,4,2
10156,4,2,4,2
10157,4,2,4,2
10158,4,2,4,2
10159,4,2,4,2
10160,4,2,4,2
10161,4,2,4,2
10162,4,2,4,2
10163,4,2,4,2
10164,4,2,4,2
10165,4,2,4,2
10166,4,2,4,2
10168,4,2,4,2
10169,4,2,4,2
10170,4,2,4,2
10171,4,2,4,2
10173,4,2,4,2
10174,4,2,4,2
10175,4,2,4,2
10176,4,2,4,2
10177,4,2,4,2
10180,4,2,4,2
10181,4,2,4,2
10182,4,2,4,2
10183,4,2,4,2
10184,4,2,4,2
10185,4,2,4,2
10186,4,2,4,2
10187,4,2,4,2
10188,4,2,4,2
10189,4,2,4,2
10190,4,2,4,2
10191,4,2,4,2
10192,4,2,4,2
10193,4,2,4,2
10195,4,2,4,2
10196,4,2,4,2
10197,4,2,4,2
10198,4,2,4,2
10199,4,2,4,2
10200,4,2,4,2
10201,4,2,4,2
10202,4,2,4,2
10203,4,2,4,2
10204,4,2,4,2
10205,4,2,4,2
10206,4,2,4,2
10207,4,2,4,2
10208,4,2,4,2
10209,4,2,4,2
10210,4,2,4,2
10211,4,2,4,2
10213,4,2,4,2
10214,4,2,4,2
10215,4,2,4,2
10216,4,2,4,2
10217,4,2,4,2
10218,4,2,4,2
10219,4,2,4,2
10220,4,2,4,2
10221,4,2,4,2
10222,4,2,4,2
10223,4,2,4,2
10224,4,2,4,2
10225,4,2,4,2
10226,4,2,4,2
10227,4,2,4,2
10228,4,2,4,2
10229,4,2,4,2
10230,4,2,4,2
10231,4,2,4,2
10232,4,2,4,2
10233,4,2,4,2
10234,4,2,4,2
10235,4,2,4,2
10236,4,2,4,2
10237,4,2,4,2
10238,4,2,4,2
10239,4,2,4,2
10240,4,2,4,2
10241,4,2,4,2
10242,4,2,4,2
10243,4,2,4,2
10244,4,2,4,2
10245,4,2,4,2
10246,4,2,4,2
10247,4,2,4,2
10248,4,2,4,2
10249,4,2,4,2
10250,4,2,4,2
10251,4,2,4,2
10252,4,2,4,2
10253,4,2,4,2
10254,4,2,4,2
10255,4,2,4,2
10257,4,2,4,2
10258,4,2,4,2
10259,4,2,4,2
10260,4,2,4,2
10261,4,2,4,2
10262,4,2,4,2
10266,4,2,4,2
10267,4,2,4,2
10268,4,2,4,2
10269,4,2,4,2
10270,4,2,4,2
10271,4,2,4,2
10272,4,2,4,2
10273,4,2,4,2
10274,4,2,4,2
10275,4,2,4,2
10276,4,2,4,2
10277,4,2,4,2
10278,4,2,4,2
10279,4,2,4,2
10280,4,2,4,2
10283,4,2,4,2
10284,4,2,4,2
10285,4,2,4,2
10286,4,2,4,2
10287,4,2,4,2
10288,4,2,4,2
